"#TAXONOMY","Kingdom","Phylum","Class","Order","Family","Genus"
"ASV1","Bacteria","Proteobacteria","Gammaproteobacteria","Pseudomonadales","Moraxellaceae","Acinetobacter"
"ASV2","Bacteria","Proteobacteria","Gammaproteobacteria","Pseudomonadales","Moraxellaceae","Acinetobacter"
"ASV3","Bacteria","Proteobacteria","Gammaproteobacteria","Pseudomonadales","Moraxellaceae","Acinetobacter"
"ASV4","Bacteria","Proteobacteria","Gammaproteobacteria","Pseudomonadales","Pseudomonadaceae","Pseudomonas"
"ASV5","Bacteria","Proteobacteria","Gammaproteobacteria","Pseudomonadales","Moraxellaceae","Acinetobacter"
"ASV6","Bacteria","Proteobacteria","Gammaproteobacteria","Pseudomonadales","Moraxellaceae","Acinetobacter"
"ASV7","Bacteria","Proteobacteria","Gammaproteobacteria","Pseudomonadales","Moraxellaceae","Acinetobacter"
"ASV8","Bacteria","Proteobacteria","Gammaproteobacteria","Pseudomonadales","Pseudomonadaceae","Pseudomonas"
"ASV9","Bacteria","Proteobacteria","Gammaproteobacteria","Pseudomonadales","Moraxellaceae","Acinetobacter"
"ASV10","Bacteria","Proteobacteria","Gammaproteobacteria","Pseudomonadales","Moraxellaceae","Psychrobacter"
"ASV11","Bacteria","Proteobacteria","Gammaproteobacteria","Pseudomonadales","Moraxellaceae","Acinetobacter"
"ASV12","Bacteria","Proteobacteria","Gammaproteobacteria","Pseudomonadales","Pseudomonadaceae","Pseudomonas"
"ASV13","Bacteria","Proteobacteria","Gammaproteobacteria","Pseudomonadales","Moraxellaceae","Psychrobacter"
"ASV14","Bacteria","Proteobacteria","Gammaproteobacteria","Pseudomonadales","Marinomonadaceae","Marinomonas"
"ASV15","Bacteria","Proteobacteria","Gammaproteobacteria","Pseudomonadales","Moraxellaceae","Acinetobacter"
"ASV16","Bacteria","Proteobacteria","Gammaproteobacteria","Pseudomonadales","Pseudomonadaceae","Pseudomonas"
"ASV17","Bacteria","Proteobacteria","Gammaproteobacteria","Pseudomonadales","Moraxellaceae","Psychrobacter"
"ASV18","Bacteria","Proteobacteria","Gammaproteobacteria","Pseudomonadales","Marinomonadaceae","Marinomonas"
"ASV19","Bacteria","Acidobacteriota","ODP1230B23.02",NA,NA,NA
"ASV20","Bacteria","Proteobacteria","Gammaproteobacteria","Pseudomonadales","Pseudomonadaceae","Pseudomonas"
"ASV21","Bacteria","Proteobacteria","Gammaproteobacteria","Enterobacterales","Pseudoalteromonadaceae","Pseudoalteromonas"
"ASV22","Bacteria","Proteobacteria","Gammaproteobacteria","Enterobacterales","Pseudoalteromonadaceae","Pseudoalteromonas"
"ASV23","Bacteria","Acidobacteriota","ODP1230B23.02",NA,NA,NA
"ASV24","Bacteria","Proteobacteria","Gammaproteobacteria","Pseudomonadales","Moraxellaceae","Psychrobacter"
"ASV25","Bacteria","Proteobacteria","Gammaproteobacteria","Pseudomonadales","Moraxellaceae","Acinetobacter"
"ASV26","Bacteria","Proteobacteria","Gammaproteobacteria","Enterobacterales","Pseudoalteromonadaceae","Pseudoalteromonas"
"ASV27","Bacteria","Proteobacteria","Gammaproteobacteria","Enterobacterales","Pseudoalteromonadaceae","Pseudoalteromonas"
"ASV28","Bacteria","Firmicutes","Bacilli","Exiguobacterales","Exiguobacteraceae","Exiguobacterium"
"ASV29","Bacteria","Proteobacteria","Gammaproteobacteria","Enterobacterales","Pseudoalteromonadaceae","Pseudoalteromonas"
"ASV30","Bacteria","Proteobacteria","Gammaproteobacteria","Enterobacterales","Pseudoalteromonadaceae","Pseudoalteromonas"
"ASV31","Bacteria","Firmicutes","Bacilli","Bacillales","Planococcaceae","Planococcus"
"ASV32","Bacteria","Proteobacteria","Gammaproteobacteria","Enterobacterales","Psychromonadaceae","Psychromonas"
"ASV33","Bacteria","Proteobacteria","Gammaproteobacteria","Pseudomonadales","Marinomonadaceae","Marinomonas"
"ASV34","Bacteria","Proteobacteria","Gammaproteobacteria","Pseudomonadales","Marinomonadaceae","Marinomonas"
"ASV35","Bacteria","Proteobacteria","Gammaproteobacteria","Enterobacterales","Psychromonadaceae","Psychromonas"
"ASV36","Bacteria","Proteobacteria","Gammaproteobacteria","Pseudomonadales","Moraxellaceae","Psychrobacter"
"ASV37","Bacteria","Proteobacteria","Gammaproteobacteria","Pseudomonadales","Marinomonadaceae","Marinomonas"
"ASV38","Bacteria","Proteobacteria","Gammaproteobacteria","Pseudomonadales","Halomonadaceae","Cobetia"
"ASV39","Bacteria","Proteobacteria","Alphaproteobacteria","Rhodobacterales","Rhodobacteraceae",NA
"ASV40","Bacteria","Proteobacteria","Gammaproteobacteria","Enterobacterales","Vibrionaceae","Vibrio"
"ASV41","Bacteria","Proteobacteria","Gammaproteobacteria","Enterobacterales","Vibrionaceae","Vibrio"
"ASV42","Bacteria","Proteobacteria","Gammaproteobacteria","Pseudomonadales","Marinomonadaceae","Marinomonas"
"ASV43","Bacteria","Proteobacteria","Gammaproteobacteria","Pseudomonadales","Marinomonadaceae","Marinomonas"
"ASV44","Bacteria","Proteobacteria","Gammaproteobacteria","Enterobacterales","Vibrionaceae","Vibrio"
"ASV45","Bacteria","Proteobacteria","Alphaproteobacteria","Rhodobacterales","Rhodobacteraceae",NA
"ASV46","Bacteria","Proteobacteria","Gammaproteobacteria","Pseudomonadales","Marinomonadaceae","Marinomonas"
"ASV47","Bacteria","Proteobacteria","Gammaproteobacteria","Pseudomonadales","Marinomonadaceae","Marinomonas"
"ASV48","Bacteria","Proteobacteria","Gammaproteobacteria","Pseudomonadales","Marinomonadaceae","Marinomonas"
"ASV49","Bacteria","Proteobacteria","Gammaproteobacteria","Pseudomonadales","Marinomonadaceae","Marinomonas"
"ASV50","Bacteria","Proteobacteria","Gammaproteobacteria","Enterobacterales","Vibrionaceae","Vibrio"
"ASV51","Bacteria","Proteobacteria","Gammaproteobacteria","Pseudomonadales","Marinomonadaceae","Marinomonas"
"ASV52","Bacteria","Proteobacteria","Alphaproteobacteria","Rhodobacterales","Rhodobacteraceae","Yoonia-Loktanella"
"ASV53","Bacteria","Proteobacteria","Gammaproteobacteria","Enterobacterales","Vibrionaceae","Vibrio"
"ASV54","Bacteria","Proteobacteria","Gammaproteobacteria","Pseudomonadales","Marinomonadaceae","Marinomonas"
"ASV55","Bacteria","Proteobacteria","Gammaproteobacteria","Pseudomonadales","Marinomonadaceae","Marinomonas"
"ASV56","Bacteria","Acidobacteriota","ODP1230B23.02",NA,NA,NA
"ASV57","Bacteria","Proteobacteria","Gammaproteobacteria","Pseudomonadales","Marinomonadaceae","Marinomonas"
"ASV58","Bacteria","Proteobacteria","Gammaproteobacteria","Pseudomonadales","Marinomonadaceae","Marinomonas"
"ASV59","Bacteria","Bacteroidota","Bacteroidia","Flavobacteriales","Flavobacteriaceae","Leeuwenhoekiella"
"ASV60","Bacteria","Proteobacteria","Gammaproteobacteria","Pseudomonadales","Halomonadaceae","Cobetia"
"ASV61","Bacteria","Bacteroidota","Bacteroidia","Flavobacteriales","Flavobacteriaceae","Wenyingzhuangia"
"ASV62","Bacteria","Acidobacteriota","ODP1230B23.02",NA,NA,NA
"ASV63","Bacteria","Proteobacteria","Alphaproteobacteria","Rhodobacterales","Rhodobacteraceae",NA
"ASV64","Bacteria","Acidobacteriota","ODP1230B23.02",NA,NA,NA
"ASV65","Bacteria","Proteobacteria","Gammaproteobacteria","Pseudomonadales","Marinomonadaceae","Marinomonas"
"ASV66","Bacteria","Proteobacteria","Gammaproteobacteria","Pseudomonadales","Moraxellaceae","Acinetobacter"
"ASV67","Bacteria","Proteobacteria","Alphaproteobacteria","Sphingomonadales","Sphingomonadaceae",NA
"ASV68","Bacteria","Proteobacteria","Gammaproteobacteria","Pseudomonadales","Marinomonadaceae","Marinomonas"
"ASV69","Bacteria","Proteobacteria","Alphaproteobacteria","Sphingomonadales","Sphingomonadaceae","Altererythrobacter"
"ASV70","Bacteria","Proteobacteria","Gammaproteobacteria","Pseudomonadales","Marinomonadaceae","Marinomonas"
"ASV71","Bacteria","Proteobacteria","Gammaproteobacteria","Pseudomonadales","Moraxellaceae","Psychrobacter"
"ASV72","Bacteria","Bacteroidota","Bacteroidia","Flavobacteriales","Flavobacteriaceae","Maribacter"
"ASV73","Bacteria","Proteobacteria","Gammaproteobacteria","Enterobacterales","Pseudoalteromonadaceae","Pseudoalteromonas"
"ASV74","Bacteria","Proteobacteria","Alphaproteobacteria","Rhodobacterales","Rhodobacteraceae","Thioclava"
"ASV75","Bacteria","Proteobacteria","Alphaproteobacteria","Sphingomonadales","Sphingomonadaceae",NA
"ASV76","Bacteria","Proteobacteria","Alphaproteobacteria","Sphingomonadales","Sphingomonadaceae",NA
"ASV77","Bacteria","Proteobacteria","Gammaproteobacteria","Enterobacterales","Pseudoalteromonadaceae","Pseudoalteromonas"
"ASV78","Bacteria","Proteobacteria","Gammaproteobacteria","Nitrosococcales","Methylophagaceae","Methylophaga"
"ASV79","Bacteria","Acidobacteriota","ODP1230B23.02",NA,NA,NA
"ASV80","Bacteria","Proteobacteria","Alphaproteobacteria","Rhodobacterales","Rhodobacteraceae","Thioclava"
"ASV81","Bacteria","Proteobacteria","Gammaproteobacteria","Enterobacterales","Psychromonadaceae","Psychromonas"
"ASV82","Bacteria","Proteobacteria","Alphaproteobacteria","Sphingomonadales","Sphingomonadaceae","Altererythrobacter"
"ASV83","Bacteria","Proteobacteria","Gammaproteobacteria","Pseudomonadales","Moraxellaceae","Psychrobacter"
"ASV84","Bacteria","Proteobacteria","Gammaproteobacteria","Pseudomonadales","Marinomonadaceae","Marinomonas"
"ASV85","Bacteria","Proteobacteria","Alphaproteobacteria","Rhodospirillales",NA,NA
"ASV86","Bacteria","Proteobacteria","Gammaproteobacteria","Pseudomonadales","Moraxellaceae","Psychrobacter"
"ASV87","Bacteria","Proteobacteria","Gammaproteobacteria","Pseudomonadales","Moraxellaceae",NA
"ASV88","Bacteria","Proteobacteria","Alphaproteobacteria","Rhizobiales","Devosiaceae","Devosia"
"ASV89","Bacteria","Proteobacteria","Gammaproteobacteria","Enterobacterales","Shewanellaceae","Shewanella"
"ASV90","Bacteria","Acidobacteriota","ODP1230B23.02",NA,NA,NA
"ASV91","Bacteria","Bacteroidota","Bacteroidia","Flavobacteriales","Flavobacteriaceae","Nonlabens"
"ASV92","Bacteria","Bacteroidota","Bacteroidia","Flavobacteriales","Flavobacteriaceae","Polaribacter"
"ASV93","Bacteria","Proteobacteria","Alphaproteobacteria","Rhodobacterales","Rhodobacteraceae","Aquimixticola"
"ASV94","Bacteria","Proteobacteria","Alphaproteobacteria","Rhodospirillales","Thalassospiraceae","Thalassospira"
"ASV95","Bacteria","Proteobacteria","Alphaproteobacteria","Sphingomonadales","Sphingomonadaceae",NA
"ASV96","Bacteria","Proteobacteria","Gammaproteobacteria","Pseudomonadales","Marinomonadaceae","Marinomonas"
"ASV97","Bacteria","Acidobacteriota","ODP1230B23.02",NA,NA,NA
"ASV98","Bacteria","Proteobacteria","Alphaproteobacteria","Rhizobiales","Stappiaceae","Labrenzia"
"ASV99","Bacteria","Bacteroidota","Bacteroidia","Flavobacteriales","Flavobacteriaceae","Mesonia"
"ASV100","Bacteria","Proteobacteria","Gammaproteobacteria","Pseudomonadales","Halomonadaceae","Cobetia"
"ASV101","Bacteria","Proteobacteria","Gammaproteobacteria","Enterobacterales","Shewanellaceae","Shewanella"
"ASV102","Bacteria","Proteobacteria","Gammaproteobacteria","Pseudomonadales","Moraxellaceae","Acinetobacter"
"ASV103","Bacteria","Bacteroidota","Bacteroidia","Flavobacteriales","Flavobacteriaceae","Flavobacterium"
"ASV104","Bacteria","Proteobacteria","Gammaproteobacteria","Enterobacterales","Vibrionaceae","Vibrio"
"ASV105","Bacteria","Bacteroidota","Bacteroidia","Flavobacteriales","Flavobacteriaceae","Gillisia"
"ASV106","Bacteria","Proteobacteria","Gammaproteobacteria","Pseudomonadales","Moraxellaceae","Psychrobacter"
"ASV107","Bacteria","Proteobacteria","Alphaproteobacteria","Rhodobacterales","Rhodobacteraceae","Pseudophaeobacter"
"ASV108","Bacteria","Proteobacteria","Gammaproteobacteria","Enterobacterales","Pseudoalteromonadaceae","Pseudoalteromonas"
"ASV109","Bacteria","Cyanobacteria","Cyanobacteriia","Chloroplast",NA,NA
"ASV110","Bacteria","Proteobacteria","Alphaproteobacteria","Micavibrionales","Micavibrionaceae",NA
"ASV111","Bacteria","Proteobacteria","Alphaproteobacteria","Rhodobacterales","Rhodobacteraceae","Sulfitobacter"
"ASV112","Bacteria","Proteobacteria","Gammaproteobacteria","Pseudomonadales","Marinomonadaceae","Marinomonas"
"ASV113","Bacteria","Proteobacteria","Alphaproteobacteria","Rhodobacterales","Rhodobacteraceae","Ponticoccus"
"ASV114","Bacteria","Proteobacteria","Gammaproteobacteria","Enterobacterales","Pseudoalteromonadaceae","Pseudoalteromonas"
"ASV115","Bacteria","Proteobacteria","Alphaproteobacteria","Rhodobacterales","Rhodobacteraceae","Ponticoccus"
"ASV116","Bacteria","Proteobacteria","Gammaproteobacteria","Pseudomonadales","Moraxellaceae","Psychrobacter"
"ASV117","Bacteria","Proteobacteria","Gammaproteobacteria","Pseudomonadales","Marinomonadaceae","Marinomonas"
"ASV118","Bacteria","Proteobacteria","Alphaproteobacteria","Rhodobacterales","Rhodobacteraceae","Ponticoccus"
"ASV119","Bacteria","Proteobacteria","Alphaproteobacteria","Rhodobacterales","Rhodobacteraceae","Puniceibacterium"
"ASV120","Bacteria","Proteobacteria","Alphaproteobacteria","Sphingomonadales","Sphingomonadaceae","Altererythrobacter"
"ASV121","Bacteria","Proteobacteria","Alphaproteobacteria","Caulobacterales","Hyphomonadaceae","Algimonas"
"ASV122","Bacteria","Proteobacteria","Alphaproteobacteria","Rhodobacterales","Rhodobacteraceae",NA
"ASV123","Bacteria","Proteobacteria","Gammaproteobacteria","Enterobacterales","Shewanellaceae","Shewanella"
"ASV124","Bacteria","Proteobacteria","Alphaproteobacteria","Rhizobiales","Rhizobiaceae","Martelella"
"ASV125","Bacteria","Bacteroidota","Bacteroidia","Flavobacteriales","Flavobacteriaceae","Leeuwenhoekiella"
"ASV126","Bacteria","Bacteroidota","Bacteroidia","Flavobacteriales","Flavobacteriaceae","Nonlabens"
"ASV127","Bacteria","Proteobacteria","Alphaproteobacteria","Rhodobacterales","Rhodobacteraceae","Roseobacter"
"ASV128","Bacteria","Proteobacteria","Gammaproteobacteria","Enterobacterales","Shewanellaceae","Shewanella"
"ASV129","Bacteria","Proteobacteria","Gammaproteobacteria","Pseudomonadales","Marinomonadaceae","Marinomonas"
"ASV130","Bacteria","Proteobacteria","Gammaproteobacteria","Pseudomonadales","Pseudomonadaceae","Pseudomonas"
"ASV131","Bacteria","Proteobacteria","Gammaproteobacteria","Pseudomonadales","Moraxellaceae","Acinetobacter"
"ASV132","Bacteria","Proteobacteria","Alphaproteobacteria","Sphingomonadales","Sphingomonadaceae","Erythrobacter"
"ASV133","Bacteria","Actinobacteriota","Acidimicrobiia","Microtrichales","Ilumatobacteraceae","Ilumatobacter"
"ASV134","Bacteria","Proteobacteria","Gammaproteobacteria","Enterobacterales","Pseudoalteromonadaceae","Pseudoalteromonas"
"ASV135","Bacteria","Proteobacteria","Gammaproteobacteria","Enterobacterales","Pseudoalteromonadaceae","Pseudoalteromonas"
"ASV136","Bacteria","Cyanobacteria","Cyanobacteriia","Chloroplast",NA,NA
"ASV137","Bacteria","Proteobacteria","Gammaproteobacteria","Pseudomonadales","Moraxellaceae","Psychrobacter"
"ASV138","Bacteria","Proteobacteria","Alphaproteobacteria","Alphaproteobacteria Incertae Sedis","Unknown Family","Acuticoccus"
"ASV139","Bacteria","Proteobacteria","Alphaproteobacteria","Rhizobiales","Rhizobiaceae","Martelella"
"ASV140","Bacteria","Bacteroidota","Bacteroidia","Flavobacteriales","Flavobacteriaceae","Polaribacter"
"ASV141","Bacteria","Bacteroidota","Bacteroidia","Flavobacteriales","Flavobacteriaceae","Flavobacterium"
"ASV142","Bacteria","Proteobacteria","Gammaproteobacteria","Pseudomonadales","Moraxellaceae","Psychrobacter"
"ASV143","Bacteria","Acidobacteriota","ODP1230B23.02",NA,NA,NA
"ASV144","Bacteria","Proteobacteria","Gammaproteobacteria","Enterobacterales","Pseudoalteromonadaceae","Pseudoalteromonas"
"ASV145","Bacteria","Proteobacteria","Alphaproteobacteria","Rhodobacterales","Rhodobacteraceae","Aquimixticola"
"ASV146","Bacteria","Proteobacteria","Gammaproteobacteria","Enterobacterales","Vibrionaceae","Vibrio"
"ASV147","Bacteria","Proteobacteria","Alphaproteobacteria","Rhodobacterales","Rhodobacteraceae","Litoreibacter"
"ASV148","Bacteria","Actinobacteriota","Acidimicrobiia","Microtrichales","Ilumatobacteraceae","Ilumatobacter"
"ASV149","Bacteria","Proteobacteria","Alphaproteobacteria","Rhodobacterales","Rhodobacteraceae","Ponticoccus"
"ASV150","Bacteria","Proteobacteria","Gammaproteobacteria","Thiotrichales","Thiotrichaceae","Leucothrix"
"ASV151","Bacteria","Proteobacteria","Alphaproteobacteria","Rhizobiales","Rhizobiaceae","Fulvimarina"
"ASV152","Bacteria","Proteobacteria","Alphaproteobacteria","Rhodobacterales","Rhodobacteraceae",NA
"ASV153","Bacteria","Proteobacteria","Alphaproteobacteria","Rhodobacterales","Rhodobacteraceae",NA
"ASV154","Bacteria","Proteobacteria","Alphaproteobacteria","Rhodospirillales","Thalassospiraceae","Thalassospira"
"ASV155","Bacteria","Acidobacteriota","ODP1230B23.02",NA,NA,NA
"ASV156","Bacteria","Proteobacteria","Gammaproteobacteria","Pseudomonadales","Moraxellaceae",NA
"ASV157","Bacteria","Proteobacteria","Alphaproteobacteria","Rhizobiales","Rhizobiaceae","Martelella"
"ASV158","Bacteria","Proteobacteria","Gammaproteobacteria","Pseudomonadales","Pseudomonadaceae","Pseudomonas"
"ASV159","Bacteria","Proteobacteria","Alphaproteobacteria","Rhodobacterales","Rhodobacteraceae",NA
"ASV160","Bacteria","Proteobacteria","Alphaproteobacteria","Rhodobacterales","Rhodobacteraceae",NA
"ASV161","Bacteria","Bacteroidota","Bacteroidia","Flavobacteriales","Flavobacteriaceae","Flavobacterium"
"ASV162","Bacteria","Proteobacteria","Gammaproteobacteria","Enterobacterales","Alteromonadaceae",NA
"ASV163","Bacteria","Proteobacteria","Gammaproteobacteria","Pseudomonadales","Moraxellaceae","Psychrobacter"
"ASV164","Bacteria","Proteobacteria","Gammaproteobacteria","Pseudomonadales","Halomonadaceae","Halomonas"
"ASV165","Bacteria","Proteobacteria","Alphaproteobacteria","Rhodobacterales","Rhodobacteraceae","Ponticoccus"
"ASV166","Bacteria","Proteobacteria","Alphaproteobacteria","Rhizobiales","Rhizobiaceae","Fulvimarina"
"ASV167","Bacteria","Proteobacteria","Gammaproteobacteria","Pseudomonadales","Moraxellaceae","Psychrobacter"
"ASV168","Bacteria","Proteobacteria","Alphaproteobacteria","Rhizobiales","Rhizobiaceae","Aureimonas"
"ASV169","Bacteria","Bacteroidota","Bacteroidia","Flavobacteriales","Flavobacteriaceae","Leeuwenhoekiella"
"ASV170","Bacteria","Actinobacteriota","Actinobacteria","Micrococcales","Microbacteriaceae","Microbacterium"
"ASV171","Bacteria","Proteobacteria","Alphaproteobacteria","Rhodobacterales","Rhodobacteraceae",NA
"ASV172","Bacteria","Proteobacteria","Gammaproteobacteria","Pseudomonadales","Moraxellaceae","Acinetobacter"
"ASV173","Bacteria","Bacteroidota","Bacteroidia","Flavobacteriales","Flavobacteriaceae","Mesonia"
"ASV174","Bacteria","Proteobacteria","Alphaproteobacteria","Caulobacterales","Hyphomonadaceae","Ponticaulis"
"ASV175","Bacteria","Verrucomicrobiota","Verrucomicrobiae","Verrucomicrobiales","Rubritaleaceae","Luteolibacter"
"ASV176","Bacteria","Proteobacteria","Gammaproteobacteria","Pseudomonadales","Marinomonadaceae","Marinomonas"
"ASV177","Bacteria","Proteobacteria","Alphaproteobacteria","Rhizobiales","Rhizobiaceae","Hoeflea"
"ASV178","Bacteria","Proteobacteria","Gammaproteobacteria","Pseudomonadales","Marinomonadaceae","Marinomonas"
"ASV179","Bacteria","Proteobacteria","Alphaproteobacteria","Rhodobacterales","Rhodobacteraceae","Paracoccus"
"ASV180","Bacteria","Cyanobacteria","Cyanobacteriia","Cyanobacteriales","Desertifilaceae","Oscillatoria"
"ASV181","Bacteria","Proteobacteria","Alphaproteobacteria","Rhodobacterales","Rhodobacteraceae","Jannaschia"
"ASV182","Bacteria","Campylobacterota","Campylobacteria","Campylobacterales","Arcobacteraceae",NA
"ASV183","Bacteria","Proteobacteria","Alphaproteobacteria","Micavibrionales","Micavibrionaceae",NA
"ASV184","Bacteria","Proteobacteria","Gammaproteobacteria","Pseudomonadales","Moraxellaceae","Psychrobacter"
"ASV185","Bacteria","Proteobacteria","Alphaproteobacteria","Rhizobiales","Rhizobiaceae","Martelella"
"ASV186","Bacteria","Proteobacteria","Gammaproteobacteria","Pseudomonadales","Pseudomonadaceae","Pseudomonas"
"ASV187","Bacteria","Proteobacteria","Gammaproteobacteria","Enterobacterales","Colwelliaceae","Colwellia"
"ASV188","Bacteria","Bacteroidota","Bacteroidia","Flavobacteriales","Flavobacteriaceae","Mesonia"
"ASV189","Bacteria","Proteobacteria","Gammaproteobacteria","Enterobacterales","Alteromonadaceae","Paraglaciecola"
"ASV190","Bacteria","Bacteroidota","Bacteroidia","Flavobacteriales","Flavobacteriaceae","Nonlabens"
"ASV191","Bacteria","Proteobacteria","Gammaproteobacteria","Pseudomonadales","Halomonadaceae","Halomonas"
"ASV192","Bacteria","Bacteroidota","Bacteroidia","Flavobacteriales","Flavobacteriaceae","Mesonia"
"ASV193","Bacteria","Bacteroidota","Bacteroidia","Flavobacteriales","Flavobacteriaceae","Flavobacterium"
"ASV194","Bacteria","Proteobacteria","Gammaproteobacteria","Enterobacterales","Pseudoalteromonadaceae","Pseudoalteromonas"
"ASV195","Bacteria","Proteobacteria","Gammaproteobacteria","Enterobacterales","Alteromonadaceae","Paraglaciecola"
"ASV196","Bacteria","Proteobacteria","Gammaproteobacteria","Pseudomonadales","Marinomonadaceae","Marinomonas"
"ASV197","Bacteria","Bacteroidota","Bacteroidia","Flavobacteriales","Flavobacteriaceae","Leeuwenhoekiella"
"ASV198","Bacteria","Proteobacteria","Gammaproteobacteria","Pseudomonadales","Moraxellaceae","Psychrobacter"
"ASV199","Bacteria","Bacteroidota","Bacteroidia","Flavobacteriales","Flavobacteriaceae","Flavobacterium"
"ASV200","Bacteria","Bacteroidota","Bacteroidia","Flavobacteriales","Flavobacteriaceae","Aurantivirga"
"ASV201","Bacteria","Bacteroidota","Bacteroidia","Flavobacteriales","Flavobacteriaceae","Polaribacter"
"ASV202","Bacteria","Proteobacteria","Gammaproteobacteria","Enterobacterales","Pseudoalteromonadaceae","Pseudoalteromonas"
"ASV203","Bacteria","Proteobacteria","Gammaproteobacteria","Pseudomonadales","Marinomonadaceae","Marinomonas"
"ASV204","Bacteria","Proteobacteria","Gammaproteobacteria","Pseudomonadales","Moraxellaceae","Psychrobacter"
"ASV205","Bacteria","Proteobacteria","Gammaproteobacteria","Pseudomonadales","Moraxellaceae","Psychrobacter"
"ASV206","Bacteria","Proteobacteria","Gammaproteobacteria","Pseudomonadales","Pseudomonadaceae","Pseudomonas"
"ASV207","Bacteria","Proteobacteria","Gammaproteobacteria","Pseudomonadales","Moraxellaceae","Psychrobacter"
"ASV208","Bacteria","Proteobacteria","Gammaproteobacteria","Enterobacterales","Pseudoalteromonadaceae","Pseudoalteromonas"
"ASV209","Bacteria","Bacteroidota","Bacteroidia","Flavobacteriales","Flavobacteriaceae","Nonlabens"
"ASV210","Bacteria","Bacteroidota","Bacteroidia","Flavobacteriales","Flavobacteriaceae","Mesonia"
"ASV211","Bacteria","Proteobacteria","Gammaproteobacteria","Pseudomonadales","Marinomonadaceae","Marinomonas"
"ASV212","Bacteria","Bacteroidota","Bacteroidia","Flavobacteriales","Flavobacteriaceae","Nonlabens"
"ASV213","Bacteria","Proteobacteria","Gammaproteobacteria","Pseudomonadales","Pseudomonadaceae","Pseudomonas"
"ASV214","Bacteria","Proteobacteria","Alphaproteobacteria","Rhodobacterales","Rhodobacteraceae","Yoonia-Loktanella"
"ASV215","Bacteria","Proteobacteria","Alphaproteobacteria","Rhizobiales","Rhizobiaceae",NA
"ASV216","Bacteria","Proteobacteria","Gammaproteobacteria","Pseudomonadales","Moraxellaceae","Psychrobacter"
"ASV217","Bacteria","Proteobacteria","Gammaproteobacteria","Pseudomonadales","Marinomonadaceae","Marinomonas"
"ASV218","Bacteria","Proteobacteria","Gammaproteobacteria","Enterobacterales","Vibrionaceae","Vibrio"
"ASV219","Bacteria","Bacteroidota","Bacteroidia","Flavobacteriales","Flavobacteriaceae","Polaribacter"
"ASV220","Bacteria","Bacteroidota","Bacteroidia","Flavobacteriales","Flavobacteriaceae","Polaribacter"
"ASV221","Bacteria","Proteobacteria","Alphaproteobacteria","Rhodobacterales","Rhodobacteraceae","Octadecabacter"
"ASV222","Bacteria","Bacteroidota","Bacteroidia","Flavobacteriales","Flavobacteriaceae","Mesonia"
"ASV223","Bacteria","Proteobacteria","Gammaproteobacteria","Pseudomonadales","Saccharospirillaceae","Thalassolituus"
"ASV224","Bacteria","Proteobacteria","Gammaproteobacteria","Pseudomonadales","Moraxellaceae","Psychrobacter"
"ASV225","Bacteria","Proteobacteria","Gammaproteobacteria","Nitrosococcales","Methylophagaceae","Methylophaga"
"ASV226","Bacteria","Proteobacteria","Alphaproteobacteria","Rhizobiales","Rhizobiaceae","Hoeflea"
"ASV227","Bacteria","Bacteroidota","Bacteroidia","Flavobacteriales","Flavobacteriaceae","Mesonia"
"ASV228","Bacteria","Verrucomicrobiota","Verrucomicrobiae","Verrucomicrobiales","Rubritaleaceae","Rubritalea"
"ASV229","Bacteria","Bacteroidota","Bacteroidia","Flavobacteriales","Flavobacteriaceae","Leeuwenhoekiella"
"ASV230","Bacteria","Bacteroidota","Bacteroidia","Flavobacteriales","Flavobacteriaceae","Nonlabens"
"ASV231","Bacteria","Proteobacteria","Alphaproteobacteria","Rhizobiales","Rhizobiaceae",NA
"ASV232","Bacteria","Proteobacteria","Alphaproteobacteria","Rhizobiales","Rhizobiaceae","Allorhizobium-Neorhizobium-Pararhizobium-Rhizobium"
"ASV233","Bacteria","Actinobacteriota","Actinobacteria","Corynebacteriales","Nocardiaceae","Rhodococcus"
"ASV234","Bacteria","Proteobacteria","Gammaproteobacteria","Pseudomonadales","Pseudomonadaceae","Pseudomonas"
"ASV235","Bacteria","Proteobacteria","Gammaproteobacteria","Pseudomonadales","Nitrincolaceae",NA
"ASV236","Bacteria","Campylobacterota","Campylobacteria","Campylobacterales","Sulfurovaceae","Sulfurovum"
"ASV237","Bacteria","Proteobacteria","Alphaproteobacteria","Rhodobacterales","Rhodobacteraceae",NA
"ASV238","Bacteria","Proteobacteria","Alphaproteobacteria","Rhodobacterales","Rhodobacteraceae","Antarctobacter"
"ASV239","Bacteria","Proteobacteria","Gammaproteobacteria","Enterobacterales","Alteromonadaceae","Paraglaciecola"
"ASV240","Bacteria","Proteobacteria","Alphaproteobacteria","Rhodobacterales","Rhodobacteraceae",NA
"ASV241","Bacteria","Proteobacteria","Gammaproteobacteria","Pseudomonadales","Marinomonadaceae","Marinomonas"
"ASV242","Bacteria","Proteobacteria","Gammaproteobacteria","Pseudomonadales","Pseudomonadaceae","Pseudomonas"
"ASV243","Bacteria","Proteobacteria","Gammaproteobacteria","Enterobacterales","Vibrionaceae","Aliivibrio"
"ASV244","Bacteria","Bacteroidota","Bacteroidia","Flavobacteriales","Flavobacteriaceae","Nonlabens"
"ASV245","Bacteria","Proteobacteria","Gammaproteobacteria","Enterobacterales","Pseudoalteromonadaceae","Pseudoalteromonas"
"ASV246","Bacteria","Bacteroidota","Bacteroidia","Flavobacteriales","Flavobacteriaceae","Psychroserpens"
"ASV247","Bacteria","Proteobacteria","Gammaproteobacteria","Nitrosococcales","Methylophagaceae","Methylophaga"
"ASV248","Bacteria","Bacteroidota","Bacteroidia","Flavobacteriales","Flavobacteriaceae","Nonlabens"
"ASV249","Bacteria","Proteobacteria","Gammaproteobacteria","Enterobacterales","Vibrionaceae","Vibrio"
"ASV250","Bacteria","Proteobacteria","Gammaproteobacteria","Pseudomonadales","Marinomonadaceae","Marinomonas"
"ASV251","Bacteria","Proteobacteria","Gammaproteobacteria","Enterobacterales","Vibrionaceae","Aliivibrio"
"ASV252","Bacteria","Proteobacteria","Alphaproteobacteria","Rhodobacterales","Rhodobacteraceae","Maribius"
"ASV253","Bacteria","Proteobacteria","Gammaproteobacteria","Pseudomonadales","Halomonadaceae","Larsenimonas"
"ASV254","Bacteria","Bacteroidota","Bacteroidia","Flavobacteriales","Flavobacteriaceae","Mesonia"
"ASV255","Bacteria","Proteobacteria","Alphaproteobacteria","Rhodobacterales","Rhodobacteraceae","Yoonia-Loktanella"
"ASV256","Bacteria","Proteobacteria","Gammaproteobacteria","Pseudomonadales","Marinomonadaceae","Marinomonas"
"ASV257","Bacteria","Proteobacteria","Gammaproteobacteria","Pseudomonadales","Halomonadaceae","Cobetia"
"ASV258","Bacteria","Proteobacteria","Gammaproteobacteria","Pseudomonadales","Pseudomonadaceae","Pseudomonas"
"ASV259","Bacteria","Bacteroidota","Bacteroidia","Flavobacteriales","Flavobacteriaceae","Nonlabens"
"ASV260","Bacteria","Patescibacteria","Gracilibacteria","JGI 0000069-P22",NA,NA
"ASV261","Bacteria","Bacteroidota","Bacteroidia","Flavobacteriales","Flavobacteriaceae","Flavobacterium"
"ASV262","Bacteria","Proteobacteria","Alphaproteobacteria","Sphingomonadales","Sphingomonadaceae","Erythrobacter"
"ASV263","Bacteria","Proteobacteria","Alphaproteobacteria","Rhodobacterales","Rhodobacteraceae",NA
"ASV264","Bacteria","Proteobacteria","Alphaproteobacteria","Rhodobacterales","Rhodobacteraceae","Maribius"
"ASV265","Bacteria","Planctomycetota","Planctomycetes","Pirellulales","Pirellulaceae","Rhodopirellula"
"ASV266","Bacteria","Bacteroidota","Bacteroidia","Flavobacteriales","Flavobacteriaceae","Nonlabens"
"ASV267","Bacteria","Bacteroidota","Bacteroidia","Flavobacteriales","Flavobacteriaceae","Polaribacter"
"ASV268","Bacteria","Proteobacteria","Gammaproteobacteria","Pseudomonadales","Pseudomonadaceae","Pseudomonas"
"ASV269","Bacteria","Proteobacteria","Gammaproteobacteria","Pseudomonadales","Halomonadaceae","Cobetia"
"ASV270","Bacteria","Proteobacteria","Gammaproteobacteria","Enterobacterales","Alteromonadaceae","Paraglaciecola"
"ASV271","Bacteria","Proteobacteria","Alphaproteobacteria","Rhodobacterales","Rhodobacteraceae","Ponticoccus"
"ASV272","Bacteria","Proteobacteria","Gammaproteobacteria","Pseudomonadales","Moraxellaceae","Psychrobacter"
"ASV273","Bacteria","Proteobacteria","Gammaproteobacteria","Enterobacterales","Vibrionaceae","Photobacterium"
"ASV274","Bacteria","Proteobacteria","Gammaproteobacteria","Burkholderiales","Methylophilaceae","Methylotenera"
"ASV275","Bacteria","Bacteroidota","Bacteroidia","Flavobacteriales","Flavobacteriaceae","Dokdonia"
"ASV276","Bacteria","WPS-2",NA,NA,NA,NA
"ASV277","Bacteria","Proteobacteria","Gammaproteobacteria","Pseudomonadales","Marinomonadaceae","Marinomonas"
"ASV278","Bacteria","Bacteroidota","Bacteroidia","Flavobacteriales","Flavobacteriaceae","Nonlabens"
"ASV279","Bacteria","Firmicutes","Bacilli","Bacillales","Bacillaceae","Aureibacillus"
"ASV280","Bacteria","Planctomycetota","Planctomycetes","Pirellulales","Pirellulaceae","Blastopirellula"
"ASV281","Bacteria","Actinobacteriota","Acidimicrobiia","Microtrichales","Microtrichaceae",NA
"ASV282","Bacteria","Actinobacteriota","Acidimicrobiia","Microtrichales","Microtrichaceae","Sva0996 marine group"
"ASV283","Bacteria","Proteobacteria","Gammaproteobacteria","Pseudomonadales","Moraxellaceae","Psychrobacter"
"ASV284","Bacteria","Verrucomicrobiota","Verrucomicrobiae","Verrucomicrobiales","Rubritaleaceae","Haloferula"
"ASV285","Bacteria","Verrucomicrobiota","Verrucomicrobiae","Chthoniobacterales","Xiphinematobacteraceae","Candidatus Xiphinematobacter"
"ASV286","Bacteria","Proteobacteria","Gammaproteobacteria","Pseudomonadales","Marinomonadaceae","Marinomonas"
"ASV287","Bacteria","Bacteroidota","Bacteroidia","Flavobacteriales","Flavobacteriaceae","Zunongwangia"
"ASV288","Bacteria","Bacteroidota","Bacteroidia","Flavobacteriales","Flavobacteriaceae","Hoppeia"
"ASV289","Bacteria","Proteobacteria","Alphaproteobacteria","Rhodobacterales","Rhodobacteraceae","Yoonia-Loktanella"
"ASV290","Bacteria","Proteobacteria","Gammaproteobacteria","Pseudomonadales","Marinomonadaceae","Marinomonas"
"ASV291","Bacteria","Proteobacteria","Gammaproteobacteria","Pseudomonadales","Marinomonadaceae","Marinomonas"
"ASV292","Bacteria","Proteobacteria","Gammaproteobacteria","Pseudomonadales","Marinomonadaceae","Marinomonas"
"ASV293","Bacteria","Proteobacteria","Alphaproteobacteria","Rhizobiales","Rhizobiaceae",NA
"ASV294","Bacteria","Proteobacteria","Alphaproteobacteria","Rhodobacterales","Rhodobacteraceae","Yoonia-Loktanella"
"ASV295","Bacteria","Proteobacteria","Alphaproteobacteria","Rhodobacterales","Rhodobacteraceae","Puniceibacterium"
"ASV296","Bacteria","Proteobacteria","Gammaproteobacteria","Pseudomonadales","Marinomonadaceae","Marinomonas"
"ASV297","Bacteria","Proteobacteria","Gammaproteobacteria","Pseudomonadales","Marinomonadaceae","Marinomonas"
"ASV298","Bacteria","Proteobacteria","Alphaproteobacteria","Rhodobacterales","Rhodobacteraceae","Maribius"
"ASV299","Bacteria","Cyanobacteria","Cyanobacteriia","Cyanobacteriales","Desertifilaceae","Oscillatoria"
"ASV300","Bacteria","Proteobacteria","Alphaproteobacteria","Rhodobacterales","Rhodobacteraceae","Planktotalea"
"ASV301","Bacteria","Proteobacteria","Gammaproteobacteria","Enterobacterales","Vibrionaceae","Vibrio"
"ASV302","Bacteria","Proteobacteria","Gammaproteobacteria","Pseudomonadales","Marinomonadaceae","Marinomonas"
"ASV303","Bacteria","Campylobacterota","Campylobacteria","Campylobacterales","Arcobacteraceae",NA
"ASV304","Bacteria","Bacteroidota","Bacteroidia","Flavobacteriales","Flavobacteriaceae","Leeuwenhoekiella"
"ASV305","Bacteria","Proteobacteria","Gammaproteobacteria","Enterobacterales","Pseudoalteromonadaceae","Pseudoalteromonas"
"ASV306","Bacteria","Bacteroidota","Bacteroidia","Flavobacteriales","Flavobacteriaceae","Leeuwenhoekiella"
"ASV307","Bacteria","Proteobacteria","Gammaproteobacteria","Pseudomonadales","Marinomonadaceae","Marinomonas"
"ASV308","Bacteria","Proteobacteria","Gammaproteobacteria","Enterobacterales","Alteromonadaceae","Alteromonas"
"ASV309","Bacteria","Proteobacteria","Gammaproteobacteria","Enterobacterales","Pseudoalteromonadaceae","Pseudoalteromonas"
"ASV310","Bacteria","Proteobacteria","Gammaproteobacteria","Pseudomonadales","Marinomonadaceae","Marinomonas"
"ASV311","Bacteria","Cyanobacteria","Cyanobacteriia","Chloroplast",NA,NA
"ASV312","Bacteria","Proteobacteria","Gammaproteobacteria","Enterobacterales","Vibrionaceae","Vibrio"
"ASV313","Bacteria","Proteobacteria","Gammaproteobacteria","Enterobacterales","Vibrionaceae","Vibrio"
"ASV314","Bacteria","Proteobacteria","Alphaproteobacteria","Rhodobacterales","Rhodobacteraceae","Planktotalea"
"ASV315","Bacteria","Proteobacteria","Alphaproteobacteria","Rhodobacterales","Rhodobacteraceae","Aliiroseovarius"
"ASV316","Bacteria","Proteobacteria","Gammaproteobacteria","Pseudomonadales","Marinomonadaceae","Marinomonas"
"ASV317","Bacteria","Bacteroidota","Bacteroidia","Flavobacteriales","Flavobacteriaceae","Aurantivirga"
"ASV318","Bacteria","Proteobacteria","Gammaproteobacteria","Enterobacterales","Pseudoalteromonadaceae","Pseudoalteromonas"
"ASV319","Bacteria","Proteobacteria","Gammaproteobacteria","Pseudomonadales","Moraxellaceae",NA
"ASV320","Bacteria","Proteobacteria","Gammaproteobacteria","Pseudomonadales","Pseudomonadaceae","Pseudomonas"
"ASV321","Bacteria","Bacteroidota","Bacteroidia","Flavobacteriales","Flavobacteriaceae","Leeuwenhoekiella"
"ASV322","Bacteria","Proteobacteria","Alphaproteobacteria","Rhodobacterales","Rhodobacteraceae",NA
"ASV323","Bacteria","Bacteroidota","Bacteroidia","Flavobacteriales","Flavobacteriaceae","Polaribacter"
"ASV324","Bacteria","Proteobacteria","Alphaproteobacteria","Rhodobacterales","Rhodobacteraceae","Yoonia-Loktanella"
"ASV325","Bacteria","Cyanobacteria","Cyanobacteriia","Cyanobacteriales","Paraspirulinaceae","Spirulina P7"
"ASV326","Bacteria","Proteobacteria","Gammaproteobacteria","Granulosicoccales","Granulosicoccaceae","Granulosicoccus"
"ASV327","Bacteria","Proteobacteria","Alphaproteobacteria","Rhodobacterales","Rhodobacteraceae","Jannaschia"
"ASV328","Bacteria","Proteobacteria","Gammaproteobacteria","Pseudomonadales","Marinomonadaceae","Marinomonas"
"ASV329","Bacteria","Proteobacteria","Gammaproteobacteria","Pseudomonadales","Spongiibacteraceae",NA
"ASV330","Bacteria","Proteobacteria","Gammaproteobacteria","Pseudomonadales","Marinomonadaceae","Marinomonas"
"ASV331","Bacteria","Proteobacteria","Gammaproteobacteria","Enterobacterales","Pseudoalteromonadaceae","Pseudoalteromonas"
"ASV332","Bacteria","Proteobacteria","Gammaproteobacteria","Pseudomonadales","Moraxellaceae","Psychrobacter"
"ASV333","Bacteria","Bacteroidota","Bacteroidia","Flavobacteriales","Flavobacteriaceae","Leeuwenhoekiella"
"ASV334","Bacteria","Proteobacteria","Gammaproteobacteria","Pseudomonadales","Pseudomonadaceae","Pseudomonas"
"ASV335","Bacteria","Bacteroidota","Bacteroidia","Flavobacteriales","Flavobacteriaceae","Leeuwenhoekiella"
"ASV336","Bacteria","Proteobacteria","Gammaproteobacteria","Pseudomonadales","Marinomonadaceae","Marinomonas"
"ASV337","Bacteria","Proteobacteria","Gammaproteobacteria","Pseudomonadales","Halomonadaceae","Cobetia"
"ASV338","Bacteria","Proteobacteria","Gammaproteobacteria","Pseudomonadales","Marinomonadaceae","Marinomonas"
"ASV339","Bacteria","Cyanobacteria","Cyanobacteriia","Cyanobacteriales","Desertifilaceae","Oscillatoria"
"ASV340","Bacteria","Proteobacteria","Alphaproteobacteria","Rhodobacterales","Rhodobacteraceae",NA
"ASV341","Bacteria","Planctomycetota","vadinHA49",NA,NA,NA
"ASV342","Bacteria","Bacteroidota","Bacteroidia","Flavobacteriales","Flavobacteriaceae","Leeuwenhoekiella"
"ASV343","Bacteria","Proteobacteria","Alphaproteobacteria","Rhodobacterales","Rhodobacteraceae",NA
"ASV344","Bacteria","Bacteroidota","Bacteroidia","Flavobacteriales","Flavobacteriaceae","Leeuwenhoekiella"
"ASV345","Bacteria","Proteobacteria","Alphaproteobacteria","Rhodobacterales","Rhodobacteraceae","Puniceibacterium"
"ASV346","Bacteria","Proteobacteria","Gammaproteobacteria","Pseudomonadales","Marinomonadaceae","Marinomonas"
"ASV347","Bacteria","Proteobacteria","Alphaproteobacteria","Rhodobacterales","Rhodobacteraceae","Vadicella"
"ASV348","Bacteria","Cyanobacteria","Cyanobacteriia","Phormidesmiales","Phormidesmiaceae","Phormidesmis ANT.LACV5.1"
"ASV349","Bacteria","Bacteroidota","Bacteroidia","Flavobacteriales","Flavobacteriaceae","Leeuwenhoekiella"
"ASV350","Bacteria","Proteobacteria","Gammaproteobacteria","Enterobacterales","Pseudoalteromonadaceae","Pseudoalteromonas"
"ASV351","Bacteria","Proteobacteria","Alphaproteobacteria","Micavibrionales","Micavibrionaceae",NA
"ASV352","Bacteria","Planctomycetota","Planctomycetes","Planctomycetales","Gimesiaceae","Gimesia"
"ASV353","Bacteria","Proteobacteria","Gammaproteobacteria","Enterobacterales","Pseudoalteromonadaceae","Pseudoalteromonas"
"ASV354","Bacteria","Proteobacteria","Gammaproteobacteria","Pseudomonadales","Halomonadaceae","Cobetia"
"ASV355","Bacteria","Proteobacteria","Gammaproteobacteria","Pseudomonadales","Marinomonadaceae","Marinomonas"
"ASV356","Bacteria","Proteobacteria","Alphaproteobacteria","Rhodobacterales","Rhodobacteraceae",NA
"ASV357","Bacteria","Proteobacteria","Gammaproteobacteria","Pseudomonadales","Moraxellaceae","Psychrobacter"
"ASV358","Bacteria","Proteobacteria","Gammaproteobacteria","Pseudomonadales","Moraxellaceae","Psychrobacter"
"ASV359","Bacteria","Proteobacteria","Gammaproteobacteria","Pseudomonadales","Moraxellaceae","Psychrobacter"
"ASV360","Bacteria","Planctomycetota","Planctomycetes","Pirellulales","Pirellulaceae","Blastopirellula"
"ASV361","Bacteria","Proteobacteria","Gammaproteobacteria","Pseudomonadales","Marinomonadaceae","Marinomonas"
"ASV362","Bacteria","Proteobacteria","Alphaproteobacteria","Rhodobacterales","Rhodobacteraceae",NA
"ASV363","Bacteria","Proteobacteria","Alphaproteobacteria","Rhodobacterales","Rhodobacteraceae","Vadicella"
"ASV364","Bacteria","Proteobacteria","Gammaproteobacteria","Enterobacterales","Pseudoalteromonadaceae","Pseudoalteromonas"
"ASV365","Bacteria","Proteobacteria","Alphaproteobacteria","Rhodobacterales","Rhodobacteraceae","Yoonia-Loktanella"
"ASV366","Bacteria","Actinobacteriota","Acidimicrobiia","Microtrichales","Ilumatobacteraceae","Ilumatobacter"
"ASV367","Bacteria","Proteobacteria","Gammaproteobacteria","Enterobacterales","Vibrionaceae","Vibrio"
"ASV368","Bacteria","Patescibacteria","Dojkabacteria",NA,NA,NA
"ASV369","Bacteria","Bacteroidota","Bacteroidia","Flavobacteriales","Flavobacteriaceae","Leeuwenhoekiella"
"ASV370","Bacteria","Proteobacteria","Gammaproteobacteria","Pseudomonadales","Marinomonadaceae","Marinomonas"
"ASV371","Bacteria","Proteobacteria","Gammaproteobacteria","Enterobacterales","Pseudoalteromonadaceae","Pseudoalteromonas"
"ASV372","Bacteria","Proteobacteria","Gammaproteobacteria","Pseudomonadales","Pseudomonadaceae","Pseudomonas"
"ASV373","Bacteria","Verrucomicrobiota","Verrucomicrobiae","Verrucomicrobiales","Rubritaleaceae","Rubritalea"
"ASV374","Bacteria","Proteobacteria","Gammaproteobacteria","Granulosicoccales","Granulosicoccaceae","Granulosicoccus"
"ASV375","Bacteria","Proteobacteria","Gammaproteobacteria","Enterobacterales","Vibrionaceae","Vibrio"
"ASV376","Bacteria","Verrucomicrobiota","Verrucomicrobiae","Verrucomicrobiales","Rubritaleaceae","Luteolibacter"
"ASV377","Bacteria","Proteobacteria","Gammaproteobacteria","Pseudomonadales","Marinomonadaceae","Marinomonas"
"ASV378","Bacteria","Proteobacteria","Gammaproteobacteria","Pseudomonadales","Halomonadaceae","Cobetia"
"ASV379","Bacteria","Proteobacteria","Gammaproteobacteria","Enterobacterales","Vibrionaceae","Vibrio"
"ASV380","Bacteria","Proteobacteria","Gammaproteobacteria","Pseudomonadales","Marinomonadaceae","Marinomonas"
"ASV381","Bacteria","Bacteroidota","Bacteroidia","Flavobacteriales","Flavobacteriaceae","Leeuwenhoekiella"
"ASV382","Bacteria","Proteobacteria","Gammaproteobacteria","Pseudomonadales","Marinomonadaceae","Marinomonas"
"ASV383","Bacteria","Proteobacteria","Gammaproteobacteria","Granulosicoccales","Granulosicoccaceae","Granulosicoccus"
"ASV384","Bacteria","Verrucomicrobiota","Verrucomicrobiae","Verrucomicrobiales","Rubritaleaceae","Rubritalea"
"ASV385","Bacteria","Proteobacteria","Gammaproteobacteria","Pseudomonadales","Marinomonadaceae","Marinomonas"
"ASV386","Bacteria","Proteobacteria","Gammaproteobacteria","Enterobacterales","Pseudoalteromonadaceae","Pseudoalteromonas"
"ASV387","Bacteria","Bacteroidota","Bacteroidia","Chitinophagales","Saprospiraceae","Lewinella"
"ASV388","Bacteria","Proteobacteria","Gammaproteobacteria","Pseudomonadales","Marinomonadaceae","Marinomonas"
"ASV389","Bacteria","Bacteroidota","Bacteroidia","Flavobacteriales","Flavobacteriaceae","Formosa"
"ASV390","Bacteria","Proteobacteria","Gammaproteobacteria","Pseudomonadales","Moraxellaceae","Psychrobacter"
"ASV391","Bacteria","Proteobacteria","Gammaproteobacteria","Pseudomonadales","Marinomonadaceae","Marinomonas"
"ASV392","Bacteria","Verrucomicrobiota","Verrucomicrobiae","Verrucomicrobiales","Rubritaleaceae","Roseibacillus"
"ASV393","Bacteria","Cyanobacteria","Cyanobacteriia","Synechococcales","Cyanobiaceae","Cyanobium PCC-6307"
"ASV394","Bacteria","Proteobacteria","Gammaproteobacteria","Pseudomonadales","Marinomonadaceae","Marinomonas"
"ASV395","Bacteria","Proteobacteria","Alphaproteobacteria","Rhodobacterales","Rhodobacteraceae","Sulfitobacter"
"ASV396","Bacteria","Campylobacterota","Campylobacteria","Campylobacterales","Arcobacteraceae",NA
"ASV397","Bacteria","Bacteroidota","Bacteroidia","Flavobacteriales","Flavobacteriaceae","Leeuwenhoekiella"
"ASV398","Bacteria","Proteobacteria","Gammaproteobacteria","Pseudomonadales","Marinomonadaceae","Marinomonas"
"ASV399","Bacteria","Proteobacteria","Gammaproteobacteria","Pseudomonadales","Marinomonadaceae","Marinomonas"
"ASV400","Bacteria","Proteobacteria","Alphaproteobacteria","Caulobacterales","Hyphomonadaceae","Litorimonas"
"ASV401","Bacteria","Proteobacteria","Gammaproteobacteria","Pseudomonadales","Moraxellaceae","Psychrobacter"
"ASV402","Bacteria","Proteobacteria","Alphaproteobacteria","Rhodobacterales","Rhodobacteraceae",NA
"ASV403","Bacteria","Planctomycetota","Planctomycetes","Planctomycetales","Rubinisphaeraceae","Fuerstia"
"ASV404","Bacteria","Proteobacteria","Gammaproteobacteria","Pseudomonadales","Moraxellaceae","Psychrobacter"
"ASV405","Bacteria","Planctomycetota","Planctomycetes","Planctomycetales","Rubinisphaeraceae",NA
"ASV406","Bacteria","Bacteroidota","Bacteroidia","Flavobacteriales","Flavobacteriaceae",NA
"ASV407","Bacteria","Proteobacteria",NA,NA,NA,NA
"ASV408","Bacteria","Proteobacteria","Alphaproteobacteria","Rhodobacterales","Rhodobacteraceae","Maliponia"
"ASV409","Bacteria","Cyanobacteria","Cyanobacteriia","Synechococcales","Synechococcales Incertae Sedis","Schizothrix LEGE 07164"
"ASV410","Bacteria","Proteobacteria","Gammaproteobacteria","Pseudomonadales","Moraxellaceae","Psychrobacter"
"ASV411","Bacteria","Proteobacteria","Alphaproteobacteria","Rhodobacterales","Rhodobacteraceae","Aestuariihabitans"
"ASV412","Bacteria","Proteobacteria","Gammaproteobacteria","Enterobacterales","Pseudoalteromonadaceae","Pseudoalteromonas"
"ASV413","Bacteria","Proteobacteria","Alphaproteobacteria","Rhodobacterales","Rhodobacteraceae","Maliponia"
"ASV414","Bacteria","Bacteroidota","Bacteroidia","Flavobacteriales","Flavobacteriaceae","Leeuwenhoekiella"
"ASV415","Bacteria","Proteobacteria","Gammaproteobacteria","Enterobacterales","Vibrionaceae",NA
"ASV416","Bacteria","Bacteroidota","Bacteroidia","Flavobacteriales","Flavobacteriaceae","Leeuwenhoekiella"
"ASV417","Bacteria","Proteobacteria","Gammaproteobacteria","Pseudomonadales","Marinomonadaceae","Marinomonas"
"ASV418","Bacteria","Proteobacteria","Gammaproteobacteria","Pseudomonadales","Moraxellaceae","Psychrobacter"
"ASV419","Bacteria","Bacteroidota","Bacteroidia","Flavobacteriales","Flavobacteriaceae","Mesonia"
"ASV420","Bacteria","Proteobacteria","Alphaproteobacteria","Rhodobacterales","Rhodobacteraceae",NA
"ASV421","Bacteria","Bacteroidota","Bacteroidia","Flavobacteriales","Flavobacteriaceae","Leeuwenhoekiella"
"ASV422","Bacteria","Proteobacteria","Alphaproteobacteria","Rhizobiales","Rhizobiaceae",NA
"ASV423","Bacteria","Proteobacteria","Gammaproteobacteria","Pseudomonadales","Marinomonadaceae","Marinomonas"
"ASV424","Bacteria","Proteobacteria","Gammaproteobacteria","Pseudomonadales","Marinomonadaceae","Marinomonas"
"ASV425","Bacteria","Proteobacteria","Alphaproteobacteria","Rhodobacterales","Rhodobacteraceae","Vadicella"
"ASV426","Bacteria","Verrucomicrobiota","Verrucomicrobiae","Verrucomicrobiales","DEV007",NA
"ASV427","Bacteria","Planctomycetota","Planctomycetes","Pirellulales","Pirellulaceae","Blastopirellula"
"ASV428","Bacteria","Planctomycetota","Planctomycetes","Pirellulales","Pirellulaceae","Rhodopirellula"
"ASV429","Bacteria","Proteobacteria","Gammaproteobacteria","Enterobacterales","Pseudoalteromonadaceae","Pseudoalteromonas"
"ASV430","Bacteria","Proteobacteria","Alphaproteobacteria","Rhodobacterales","Rhodobacteraceae",NA
"ASV431","Bacteria","Patescibacteria","Dojkabacteria",NA,NA,NA
"ASV432","Bacteria","Proteobacteria","Gammaproteobacteria","Pseudomonadales","Marinomonadaceae","Marinomonas"
"ASV433","Bacteria","Bacteroidota","Bacteroidia","Cytophagales","Cyclobacteriaceae",NA
"ASV434","Bacteria","Bacteroidota","Bacteroidia","Cytophagales","Spirosomaceae","Taeseokella"
"ASV435","Bacteria","Proteobacteria","Alphaproteobacteria","Rhodobacterales","Rhodobacteraceae","Roseicitreum"
"ASV436","Bacteria","Proteobacteria","Gammaproteobacteria","Pseudomonadales","Marinomonadaceae","Marinomonas"
"ASV437","Bacteria","Proteobacteria","Gammaproteobacteria","Pseudomonadales","Moraxellaceae","Psychrobacter"
"ASV438","Bacteria","Proteobacteria","Gammaproteobacteria","Pseudomonadales","Pseudomonadaceae","Pseudomonas"
"ASV439","Bacteria","Proteobacteria","Gammaproteobacteria","Enterobacterales","Enterobacteriaceae","Escherichia-Shigella"
"ASV440","Bacteria","Proteobacteria","Alphaproteobacteria","Rhodobacterales","Rhodobacteraceae","Octadecabacter"
"ASV441","Bacteria","Proteobacteria","Alphaproteobacteria","Caulobacterales","Hyphomonadaceae","Litorimonas"
"ASV442","Bacteria","Proteobacteria","Alphaproteobacteria","Rhodobacterales","Rhodobacteraceae",NA
"ASV443","Bacteria","Bacteroidota","Bacteroidia","Chitinophagales","Saprospiraceae","Rubidimonas"
"ASV444","Bacteria","Deinococcota","Deinococci","Deinococcales","Trueperaceae","Truepera"
"ASV445","Bacteria","Proteobacteria","Alphaproteobacteria","Rhodobacterales","Rhodobacteraceae","Sulfitobacter"
"ASV446","Bacteria","Proteobacteria","Gammaproteobacteria","Pseudomonadales","Moraxellaceae","Psychrobacter"
"ASV447","Bacteria","Proteobacteria","Alphaproteobacteria","Rhodobacterales","Rhodobacteraceae","Maliponia"
"ASV448","Bacteria","Proteobacteria","Gammaproteobacteria","Granulosicoccales","Granulosicoccaceae","Granulosicoccus"
"ASV449","Bacteria","Bacteroidota","Bacteroidia","Chitinophagales","Saprospiraceae","Rubidimonas"
"ASV450","Bacteria","Bacteroidota","Bacteroidia","Flavobacteriales","Flavobacteriaceae",NA
"ASV451","Bacteria","Proteobacteria",NA,NA,NA,NA
"ASV452","Bacteria","Proteobacteria","Gammaproteobacteria","Enterobacterales","Pseudoalteromonadaceae","Pseudoalteromonas"
"ASV453","Bacteria","Patescibacteria","Gracilibacteria","JGI 0000069-P22",NA,NA
"ASV454","Bacteria","Proteobacteria","Gammaproteobacteria","Pseudomonadales","Moraxellaceae","Psychrobacter"
"ASV455","Bacteria","Proteobacteria","Gammaproteobacteria","Pseudomonadales","Moraxellaceae","Psychrobacter"
"ASV456","Bacteria","Verrucomicrobiota","Verrucomicrobiae","Verrucomicrobiales","Rubritaleaceae","Rubritalea"
"ASV457","Bacteria","Proteobacteria","Gammaproteobacteria","Pseudomonadales","Moraxellaceae","Psychrobacter"
"ASV458","Bacteria","Planctomycetota","Planctomycetes","Pirellulales","Pirellulaceae","Blastopirellula"
"ASV459","Bacteria","Proteobacteria","Gammaproteobacteria","Enterobacterales","Vibrionaceae","Vibrio"
"ASV460","Bacteria","Bacteroidota","Bacteroidia","Flavobacteriales","Flavobacteriaceae",NA
"ASV461","Bacteria","Proteobacteria","Gammaproteobacteria","Enterobacterales",NA,NA
"ASV462","Bacteria","Proteobacteria","Alphaproteobacteria","Rhodobacterales","Rhodobacteraceae",NA
"ASV463","Bacteria","Proteobacteria","Gammaproteobacteria","Pseudomonadales","Pseudomonadaceae","Pseudomonas"
"ASV464","Bacteria","Proteobacteria","Alphaproteobacteria","Rhodobacterales","Rhodobacteraceae",NA
"ASV465","Bacteria","Bacteroidota","Bacteroidia","Flavobacteriales","Flavobacteriaceae","Maribacter"
"ASV466","Bacteria","Proteobacteria","Alphaproteobacteria","Rhodobacterales","Rhodobacteraceae","Octadecabacter"
"ASV467","Bacteria","Proteobacteria","Alphaproteobacteria","Rickettsiales","SM2D12",NA
"ASV468","Bacteria","Planctomycetota","Planctomycetes","Pirellulales","Pirellulaceae","Pirellula"
"ASV469","Bacteria","Cyanobacteria","Cyanobacteriia","Chloroplast",NA,NA
"ASV470","Bacteria","Proteobacteria","Gammaproteobacteria","Enterobacterales",NA,NA
"ASV471","Bacteria","Proteobacteria","Gammaproteobacteria","Enterobacterales","Pseudoalteromonadaceae","Pseudoalteromonas"
"ASV472","Bacteria","Actinobacteriota","Acidimicrobiia","Actinomarinales",NA,NA
"ASV473","Bacteria","Proteobacteria","Alphaproteobacteria","Rhodobacterales","Rhodobacteraceae",NA
"ASV474","Bacteria","Proteobacteria","Gammaproteobacteria","Pseudomonadales","Marinomonadaceae","Marinomonas"
"ASV475","Bacteria","Proteobacteria","Gammaproteobacteria","Pseudomonadales","Marinomonadaceae","Marinomonas"
"ASV476","Bacteria","Proteobacteria",NA,NA,NA,NA
"ASV477","Bacteria","Proteobacteria","Gammaproteobacteria","Pseudomonadales","Marinomonadaceae","Marinomonas"
"ASV478","Bacteria","Proteobacteria","Gammaproteobacteria","Enterobacterales","Pseudoalteromonadaceae","Pseudoalteromonas"
"ASV479","Bacteria","Proteobacteria","Gammaproteobacteria","Enterobacterales",NA,NA
"ASV480","Bacteria","Proteobacteria","Alphaproteobacteria","Sphingomonadales","Sphingomonadaceae",NA
"ASV481","Bacteria","Proteobacteria","Alphaproteobacteria","Rhodobacterales","Rhodobacteraceae","Roseicitreum"
"ASV482","Bacteria","Bacteroidota","Bacteroidia","Flavobacteriales","Flavobacteriaceae","Winogradskyella"
"ASV483","Bacteria","Proteobacteria","Alphaproteobacteria","Rhodobacterales","Rhodobacteraceae",NA
"ASV484","Bacteria","Proteobacteria","Gammaproteobacteria","Pseudomonadales","Marinomonadaceae","Marinomonas"
"ASV485","Bacteria","Bacteroidota","Bacteroidia","Flavobacteriales","Flavobacteriaceae","Maribacter"
"ASV486","Bacteria","Bacteroidota","Bacteroidia","Flavobacteriales","Flavobacteriaceae","Maribacter"
"ASV487","Bacteria","Proteobacteria","Gammaproteobacteria","Enterobacterales","Pseudoalteromonadaceae","Pseudoalteromonas"
"ASV488","Bacteria","Cyanobacteria","Cyanobacteriia","Chloroplast",NA,NA
"ASV489","Bacteria","Proteobacteria","Gammaproteobacteria","Enterobacterales","Pseudoalteromonadaceae","Pseudoalteromonas"
"ASV490","Bacteria","Proteobacteria","Gammaproteobacteria","Enterobacterales","Shewanellaceae","Shewanella"
"ASV491","Bacteria","Firmicutes","Bacilli","Bacillales","Bacillaceae",NA
"ASV492","Bacteria","Cyanobacteria","Cyanobacteriia","Cyanobacteriales","Paraspirulinaceae","Spirulina DRTO-55.2"
"ASV493","Bacteria","Proteobacteria","Gammaproteobacteria","Pseudomonadales","Moraxellaceae","Psychrobacter"
"ASV494","Bacteria","Proteobacteria","Alphaproteobacteria",NA,NA,NA
"ASV495","Bacteria","Planctomycetota","Planctomycetes","Pirellulales","Pirellulaceae","Rhodopirellula"
"ASV496","Bacteria","Proteobacteria","Gammaproteobacteria","Pseudomonadales","Moraxellaceae","Acinetobacter"
"ASV497","Bacteria","Proteobacteria","Alphaproteobacteria","Sphingomonadales","Sphingomonadaceae",NA
"ASV498","Bacteria","Proteobacteria","Alphaproteobacteria","Rhizobiales","Rhizobiaceae","Fulvimarina"
"ASV499","Bacteria","Proteobacteria","Gammaproteobacteria","Pseudomonadales","Pseudomonadaceae","Pseudomonas"
"ASV500","Bacteria","Proteobacteria","Alphaproteobacteria","Sphingomonadales","Sphingomonadaceae","Parablastomonas"
"ASV501","Bacteria","Proteobacteria","Gammaproteobacteria","Pseudomonadales","Marinomonadaceae","Marinomonas"
"ASV502","Bacteria","Proteobacteria","Alphaproteobacteria","Sphingomonadales","Sphingomonadaceae",NA
"ASV503","Bacteria","Proteobacteria","Gammaproteobacteria","Pseudomonadales",NA,NA
"ASV504","Bacteria","Proteobacteria","Alphaproteobacteria","Caulobacterales","Hyphomonadaceae","Litorimonas"
"ASV505","Bacteria","Proteobacteria","Gammaproteobacteria","Enterobacterales","Pseudoalteromonadaceae","Pseudoalteromonas"
"ASV506","Bacteria","Actinobacteriota","Actinobacteria","Micrococcales","Microbacteriaceae",NA
"ASV507","Bacteria","Proteobacteria","Gammaproteobacteria","Enterobacterales","Pseudoalteromonadaceae","Pseudoalteromonas"
"ASV508","Bacteria","Proteobacteria","Gammaproteobacteria","Enterobacterales","Vibrionaceae","Vibrio"
"ASV509","Bacteria","Cyanobacteria","Vampirivibrionia","Obscuribacterales","Obscuribacteraceae",NA
"ASV510","Bacteria","Bacteroidota","Rhodothermia","Rhodothermales","Rhodothermaceae","Rubrivirga"
"ASV511","Bacteria","Planctomycetota","Planctomycetes","Pirellulales","Pirellulaceae","Blastopirellula"
"ASV512","Bacteria","Proteobacteria","Gammaproteobacteria","Enterobacterales","Vibrionaceae","Candidatus Photodesmus"
"ASV513","Bacteria","Verrucomicrobiota","Verrucomicrobiae","Verrucomicrobiales","Rubritaleaceae","Rubritalea"
"ASV514","Bacteria","Proteobacteria","Alphaproteobacteria","Rhodobacterales","Rhodobacteraceae",NA
"ASV515","Bacteria","Proteobacteria","Gammaproteobacteria","Enterobacterales","Pseudoalteromonadaceae","Pseudoalteromonas"
"ASV516","Bacteria","Proteobacteria","Gammaproteobacteria","Gammaproteobacteria Incertae Sedis","Unknown Family",NA
"ASV517","Bacteria","Proteobacteria","Alphaproteobacteria","Kordiimonadales","Kordiimonadaceae","Kordiimonas"
"ASV518","Bacteria","Verrucomicrobiota","Verrucomicrobiae","Verrucomicrobiales","DEV007",NA
"ASV519","Bacteria","Cyanobacteria","Cyanobacteriia","Synechococcales","Cyanobiaceae","Synechococcus MBIC10613"
"ASV520","Bacteria","Proteobacteria","Alphaproteobacteria","Rhodobacterales","Rhodobacteraceae",NA
"ASV521","Bacteria","Verrucomicrobiota","Chlamydiae","Chlamydiales","Parachlamydiaceae","Neochlamydia"
"ASV522","Bacteria","Verrucomicrobiota","Verrucomicrobiae","Verrucomicrobiales","DEV007",NA
"ASV523","Bacteria","Proteobacteria","Gammaproteobacteria","Pseudomonadales","Moraxellaceae","Psychrobacter"
"ASV524","Bacteria","Proteobacteria","Gammaproteobacteria","Pseudomonadales","Marinomonadaceae","Marinomonas"
"ASV525","Bacteria","Bacteroidota","Bacteroidia","Flavobacteriales","Flavobacteriaceae",NA
"ASV526","Bacteria","Proteobacteria","Gammaproteobacteria","Enterobacterales","Pseudoalteromonadaceae","Pseudoalteromonas"
"ASV527","Bacteria","Proteobacteria","Alphaproteobacteria","Micavibrionales","Micavibrionaceae",NA
"ASV528","Bacteria","Proteobacteria","Alphaproteobacteria","Sphingomonadales","Sphingomonadaceae","Croceicoccus"
"ASV529","Bacteria","Proteobacteria","Gammaproteobacteria","Enterobacterales","Pseudoalteromonadaceae","Pseudoalteromonas"
"ASV530","Bacteria","Proteobacteria","Gammaproteobacteria","Enterobacterales","Pseudoalteromonadaceae","Pseudoalteromonas"
"ASV531","Bacteria","Proteobacteria","Gammaproteobacteria","Enterobacterales","Pseudoalteromonadaceae","Pseudoalteromonas"
"ASV532","Bacteria","Bacteroidota","Bacteroidia","Flavobacteriales","Flavobacteriaceae","Aurantivirga"
"ASV533","Bacteria","Proteobacteria","Gammaproteobacteria","Pseudomonadales","Marinomonadaceae","Marinomonas"
"ASV534","Bacteria","Proteobacteria","Gammaproteobacteria","Pseudomonadales","Moraxellaceae","Psychrobacter"
"ASV535","Bacteria","Proteobacteria","Alphaproteobacteria","Rhizobiales","Rhizobiales Incertae Sedis","Anderseniella"
"ASV536","Bacteria","Proteobacteria","Alphaproteobacteria","Parvibaculales","Parvibaculaceae",NA
"ASV537","Bacteria","Proteobacteria","Gammaproteobacteria","Enterobacterales","Vibrionaceae","Vibrio"
"ASV538","Bacteria","Proteobacteria","Gammaproteobacteria","Pseudomonadales","Pseudomonadaceae","Pseudomonas"
"ASV539","Bacteria","Bacteroidota","Bacteroidia","Flavobacteriales","Flavobacteriaceae","Wenyingzhuangia"
"ASV540","Bacteria","Proteobacteria","Gammaproteobacteria","Enterobacterales","Vibrionaceae","Vibrio"
"ASV541","Bacteria","Proteobacteria","Alphaproteobacteria",NA,NA,NA
"ASV542","Bacteria","Actinobacteriota","Actinobacteria","Micrococcales","Microbacteriaceae","Leucobacter"
"ASV543","Bacteria","Proteobacteria","Gammaproteobacteria","Enterobacterales","Psychromonadaceae","Psychromonas"
"ASV544","Bacteria","Proteobacteria","Alphaproteobacteria","Sphingomonadales","Sphingomonadaceae","Altererythrobacter"
"ASV545","Bacteria","Verrucomicrobiota","Verrucomicrobiae","Verrucomicrobiales","Rubritaleaceae","Rubritalea"
"ASV546","Bacteria","Proteobacteria","Gammaproteobacteria","Pseudomonadales","Moraxellaceae","Psychrobacter"
"ASV547","Bacteria","Verrucomicrobiota","Verrucomicrobiae","Verrucomicrobiales","Rubritaleaceae","Luteolibacter"
"ASV548","Bacteria","Planctomycetota","Planctomycetes","Pirellulales","Pirellulaceae","Pir4 lineage"
"ASV549","Bacteria","Proteobacteria","Gammaproteobacteria","Pseudomonadales","Moraxellaceae","Acinetobacter"
"ASV550","Bacteria","WPS-2",NA,NA,NA,NA
"ASV551","Bacteria","Proteobacteria","Alphaproteobacteria","Rhizobiales",NA,NA
"ASV552","Bacteria","Proteobacteria","Gammaproteobacteria","Enterobacterales","Moritellaceae","Moritella"
"ASV553","Bacteria","Patescibacteria","Gracilibacteria","JGI 0000069-P22",NA,NA
"ASV554","Bacteria","Proteobacteria","Alphaproteobacteria","Micavibrionales","Micavibrionaceae",NA
"ASV555","Bacteria","Proteobacteria","Gammaproteobacteria","Pseudomonadales","Marinomonadaceae","Marinomonas"
"ASV556","Bacteria","Proteobacteria","Gammaproteobacteria","Pseudomonadales","Marinomonadaceae","Marinomonas"
"ASV557","Bacteria","Planctomycetota","Planctomycetes","Pirellulales","Pirellulaceae","Blastopirellula"
"ASV558","Bacteria","Proteobacteria","Alphaproteobacteria","Sphingomonadales","Sphingomonadaceae",NA
"ASV559","Bacteria","Proteobacteria","Gammaproteobacteria","Enterobacterales","Pseudoalteromonadaceae","Pseudoalteromonas"
"ASV560","Bacteria","Proteobacteria","Alphaproteobacteria","Rhizobiales","Devosiaceae","Devosia"
"ASV561","Bacteria","Actinobacteriota","Acidimicrobiia","Microtrichales","Microtrichaceae",NA
"ASV562","Bacteria","Proteobacteria","Gammaproteobacteria",NA,NA,NA
"ASV563","Bacteria","Proteobacteria","Gammaproteobacteria","Pseudomonadales","Marinomonadaceae","Marinomonas"
"ASV564","Bacteria","Proteobacteria","Alphaproteobacteria","Sphingomonadales","Sphingomonadaceae","Altererythrobacter"
"ASV565","Bacteria","Proteobacteria","Gammaproteobacteria","Enterobacterales","Pseudoalteromonadaceae","Pseudoalteromonas"
"ASV566","Bacteria","Proteobacteria","Gammaproteobacteria","Enterobacterales","Moritellaceae","Paramoritella"
"ASV567","Bacteria","Bacteroidota","Bacteroidia","Flavobacteriales","Flavobacteriaceae","Arenibacter"
"ASV568","Bacteria","Proteobacteria","Gammaproteobacteria","Pseudomonadales","Pseudomonadaceae","Pseudomonas"
"ASV569","Bacteria","Proteobacteria","Gammaproteobacteria","Enterobacterales",NA,NA
"ASV570","Bacteria","Proteobacteria","Gammaproteobacteria",NA,NA,NA
"ASV571","Bacteria","Proteobacteria","Gammaproteobacteria","Enterobacterales","Pseudoalteromonadaceae","Algicola"
"ASV572","Bacteria","Proteobacteria","Gammaproteobacteria","Pseudomonadales","Saccharospirillaceae",NA
"ASV573","Bacteria","Proteobacteria","Gammaproteobacteria","Enterobacterales",NA,NA
"ASV574","Bacteria","Proteobacteria","Gammaproteobacteria","Enterobacterales","Moritellaceae",NA
"ASV575","Bacteria","Proteobacteria","Gammaproteobacteria","Pseudomonadales","Moraxellaceae","Psychrobacter"
"ASV576","Bacteria","Verrucomicrobiota","Verrucomicrobiae","Verrucomicrobiales","Rubritaleaceae","Rubritalea"
"ASV577","Bacteria","Proteobacteria","Gammaproteobacteria","Enterobacterales",NA,NA
"ASV578","Bacteria","Proteobacteria","Gammaproteobacteria","Pseudomonadales","Moraxellaceae","Psychrobacter"
"ASV579","Bacteria","Proteobacteria","Alphaproteobacteria",NA,NA,NA
"ASV580","Bacteria","Proteobacteria","Gammaproteobacteria","Enterobacterales","Enterobacteriaceae",NA
"ASV581","Bacteria","Proteobacteria","Alphaproteobacteria","Rhodobacterales","Rhodobacteraceae","Planktotalea"
"ASV582","Bacteria","Proteobacteria","Gammaproteobacteria","Pseudomonadales","Pseudomonadaceae","Pseudomonas"
"ASV583","Bacteria","Actinobacteriota","Actinobacteria","Micrococcales","Microbacteriaceae",NA
"ASV584","Bacteria","Bacteroidota","Bacteroidia","Chitinophagales","Saprospiraceae",NA
"ASV585","Bacteria","Proteobacteria","Alphaproteobacteria",NA,NA,NA
"ASV586","Bacteria","Firmicutes","Bacilli","Bacillales","Bacillaceae",NA
"ASV587","Bacteria","Proteobacteria","Alphaproteobacteria","Rickettsiales","Mitochondria",NA
"ASV588","Bacteria","Proteobacteria","Gammaproteobacteria","Pseudomonadales","Moraxellaceae","Psychrobacter"
"ASV589","Bacteria","Proteobacteria","Alphaproteobacteria","Rhizobiales",NA,NA
"ASV590","Bacteria","Proteobacteria","Gammaproteobacteria",NA,NA,NA
"ASV591","Bacteria","Proteobacteria","Gammaproteobacteria","Enterobacterales","Pseudoalteromonadaceae","Pseudoalteromonas"
"ASV592","Bacteria","Proteobacteria","Gammaproteobacteria","Pseudomonadales","Moraxellaceae","Psychrobacter"
"ASV593","Bacteria","Proteobacteria","Gammaproteobacteria","Pseudomonadales","Marinomonadaceae","Marinomonas"
"ASV594","Bacteria","NB1-j",NA,NA,NA,NA
"ASV595","Bacteria","Proteobacteria","Gammaproteobacteria","Enterobacterales","Pseudoalteromonadaceae","Pseudoalteromonas"
"ASV596","Bacteria","Proteobacteria","Gammaproteobacteria","Gammaproteobacteria Incertae Sedis","Unknown Family","Marinicella"
"ASV597","Bacteria","Proteobacteria","Alphaproteobacteria","Rhizobiales",NA,NA
"ASV598","Bacteria","Bacteroidota","Bacteroidia","Flavobacteriales","Flavobacteriaceae",NA
"ASV599","Bacteria","Proteobacteria","Gammaproteobacteria","Enterobacterales","Psychromonadaceae",NA
"ASV600","Bacteria","Proteobacteria","Gammaproteobacteria","Pseudomonadales","Moraxellaceae","Psychrobacter"
"ASV601","Bacteria","Proteobacteria","Gammaproteobacteria","Enterobacterales","Pseudoalteromonadaceae","Pseudoalteromonas"
"ASV602","Bacteria","Actinobacteriota","Acidimicrobiia","Microtrichales","Ilumatobacteraceae","Ilumatobacter"
"ASV603","Bacteria","Proteobacteria","Gammaproteobacteria","Enterobacterales","Vibrionaceae","Vibrio"
"ASV604","Bacteria","Proteobacteria","Gammaproteobacteria","Pseudomonadales","Pseudomonadaceae","Pseudomonas"
"ASV605","Bacteria","Proteobacteria","Gammaproteobacteria","Pseudomonadales","Moraxellaceae","Psychrobacter"
"ASV606","Bacteria","Proteobacteria","Gammaproteobacteria","Pseudomonadales","Pseudomonadaceae","Pseudomonas"
"ASV607","Bacteria","Actinobacteriota","Acidimicrobiia","Microtrichales","Microtrichaceae",NA
"ASV608","Bacteria","Proteobacteria","Gammaproteobacteria","Pseudomonadales","Marinomonadaceae","Marinomonas"
"ASV609","Bacteria","Proteobacteria","Gammaproteobacteria","Pseudomonadales","Moraxellaceae","Acinetobacter"
"ASV610","Bacteria","Proteobacteria","Alphaproteobacteria","Rhizobiales","Rhizobiaceae","Lentilitoribacter"
"ASV611","Bacteria","Proteobacteria","Gammaproteobacteria","Enterobacterales","Psychromonadaceae","Psychromonas"
"ASV612","Bacteria","Planctomycetota","Planctomycetes","Pirellulales","Pirellulaceae","Rubripirellula"
"ASV613","Bacteria","Verrucomicrobiota","Verrucomicrobiae","Verrucomicrobiales","Rubritaleaceae",NA
"ASV614","Bacteria","Proteobacteria","Gammaproteobacteria","Enterobacterales","Psychromonadaceae","Psychromonas"
"ASV615","Bacteria","Bacteroidota","Bacteroidia","Flavobacteriales","Crocinitomicaceae","Fluviicola"
"ASV616","Bacteria","Proteobacteria","Gammaproteobacteria","Pseudomonadales","Moraxellaceae",NA
"ASV617","Bacteria","Proteobacteria","Alphaproteobacteria","Rhizobiales","Devosiaceae",NA
"ASV618","Bacteria","Proteobacteria","Gammaproteobacteria","Pseudomonadales","Moraxellaceae","Psychrobacter"
"ASV619","Bacteria","Proteobacteria","Gammaproteobacteria","Enterobacterales",NA,NA
"ASV620","Bacteria","Proteobacteria","Gammaproteobacteria","Enterobacterales","Pseudoalteromonadaceae","Pseudoalteromonas"
"ASV621","Bacteria","Proteobacteria","Gammaproteobacteria","Gammaproteobacteria Incertae Sedis","Unknown Family","Candidatus Berkiella"
"ASV622","Bacteria","Proteobacteria","Alphaproteobacteria","Rhodobacterales","Rhodobacteraceae",NA
"ASV623","Bacteria","Bacteroidota","Bacteroidia","Flavobacteriales","Flavobacteriaceae","Aurantivirga"
"ASV624","Bacteria","Proteobacteria","Gammaproteobacteria","Enterobacterales","Pseudoalteromonadaceae","Pseudoalteromonas"
"ASV625","Bacteria","Bacteroidota","Bacteroidia","Flavobacteriales","Flavobacteriaceae","Lutaonella"
"ASV626","Bacteria","Proteobacteria","Gammaproteobacteria",NA,NA,NA
"ASV627","Bacteria","Bacteroidota","Bacteroidia","Flavobacteriales","Flavobacteriaceae",NA
"ASV628","Bacteria","Proteobacteria","Alphaproteobacteria","Micavibrionales","Micavibrionaceae",NA
"ASV629","Bacteria","Proteobacteria","Alphaproteobacteria","Sphingomonadales","Sphingomonadaceae","Altererythrobacter"
"ASV630","Bacteria","Proteobacteria","Alphaproteobacteria","Rhizobiales",NA,NA
"ASV631","Bacteria","Planctomycetota","Planctomycetes","Planctomycetales","Gimesiaceae",NA
"ASV632","Bacteria","Chloroflexi","Anaerolineae","Caldilineales","Caldilineaceae",NA
"ASV633","Bacteria","Bacteroidota","Bacteroidia","Flavobacteriales","Flavobacteriaceae",NA
"ASV634","Bacteria","Proteobacteria","Gammaproteobacteria","Enterobacterales","Pseudoalteromonadaceae","Pseudoalteromonas"
"ASV635","Bacteria","Proteobacteria","Gammaproteobacteria","Enterobacterales",NA,NA
"ASV636","Bacteria","Proteobacteria","Gammaproteobacteria","Enterobacterales",NA,NA
"ASV637","Bacteria","Proteobacteria","Gammaproteobacteria","Pseudomonadales","Moraxellaceae",NA
"ASV638","Bacteria","Firmicutes","Bacilli","Bacillales","Bacillaceae","Aureibacillus"
"ASV639","Bacteria","Proteobacteria","Gammaproteobacteria","Enterobacterales","Pseudoalteromonadaceae","Pseudoalteromonas"
"ASV640","Bacteria","Proteobacteria","Alphaproteobacteria","Rickettsiales","Rickettsiaceae",NA
"ASV641","Bacteria","Bacteroidota","Bacteroidia",NA,NA,NA
"ASV642","Bacteria","Patescibacteria","Gracilibacteria","JGI 0000069-P22",NA,NA
"ASV643","Bacteria","Proteobacteria","Gammaproteobacteria","Pseudomonadales","Moraxellaceae","Psychrobacter"
"ASV644","Bacteria","Proteobacteria","Gammaproteobacteria","Enterobacterales","Pseudoalteromonadaceae","Pseudoalteromonas"
"ASV645","Bacteria","Actinobacteriota","Actinobacteria","Corynebacteriales","Mycobacteriaceae","Mycobacterium"
"ASV646","Bacteria","Proteobacteria","Alphaproteobacteria","Rhodobacterales","Rhodobacteraceae",NA
"ASV647","Bacteria","Proteobacteria","Gammaproteobacteria","Enterobacterales","Vibrionaceae","Vibrio"
"ASV648","Bacteria","Proteobacteria","Gammaproteobacteria","Pseudomonadales","Moraxellaceae","Psychrobacter"
"ASV649","Bacteria","Proteobacteria","Alphaproteobacteria","Sphingomonadales","Sphingomonadaceae",NA
"ASV650","Bacteria","Bacteroidota","Bacteroidia","Flavobacteriales","Flavobacteriaceae","Croceibacter"
"ASV651","Bacteria","Proteobacteria","Gammaproteobacteria","Enterobacterales","Pseudoalteromonadaceae","Pseudoalteromonas"
"ASV652","Bacteria","Bacteroidota","Bacteroidia","Flavobacteriales","Flavobacteriaceae",NA
"ASV653","Bacteria","Proteobacteria","Gammaproteobacteria","Pseudomonadales","Moraxellaceae","Psychrobacter"
"ASV654","Bacteria","Proteobacteria","Gammaproteobacteria","Enterobacterales",NA,NA
"ASV655","Bacteria","Proteobacteria","Gammaproteobacteria","Pseudomonadales","Moraxellaceae","Psychrobacter"
"ASV656","Bacteria","Bacteroidota","Bacteroidia","Flavobacteriales","Flavobacteriaceae",NA
"ASV657","Bacteria","Proteobacteria","Alphaproteobacteria","Rhodobacterales","Rhodobacteraceae",NA
"ASV658","Bacteria","Patescibacteria","Saccharimonadia","Saccharimonadales",NA,NA
"ASV659","Bacteria","Proteobacteria","Gammaproteobacteria","Enterobacterales","Pseudoalteromonadaceae","Pseudoalteromonas"
"ASV660","Bacteria","Bacteroidota","Bacteroidia","Flavobacteriales","Flavobacteriaceae","Flavobacterium"
"ASV661","Bacteria","Proteobacteria","Gammaproteobacteria","Pseudomonadales","Moraxellaceae","Psychrobacter"
"ASV662","Bacteria","Proteobacteria","Gammaproteobacteria","Enterobacterales","Pseudoalteromonadaceae","Pseudoalteromonas"
"ASV663","Bacteria","Proteobacteria","Gammaproteobacteria","Pseudomonadales","Moraxellaceae","Psychrobacter"
"ASV664","Bacteria","Patescibacteria","Gracilibacteria",NA,NA,NA
"ASV665","Bacteria","Proteobacteria","Gammaproteobacteria","Pseudomonadales","Moraxellaceae","Psychrobacter"
"ASV666","Bacteria","Proteobacteria","Gammaproteobacteria","Pseudomonadales","Moraxellaceae","Psychrobacter"
"ASV667","Bacteria","Proteobacteria","Gammaproteobacteria","Enterobacterales",NA,NA
"ASV668","Bacteria","Proteobacteria","Gammaproteobacteria","Pseudomonadales","Marinomonadaceae","Marinomonas"
"ASV669","Bacteria","Proteobacteria","Alphaproteobacteria","Rhodobacterales","Rhodobacteraceae","Aestuariihabitans"
"ASV670","Bacteria","Bacteroidota","Bacteroidia","Flavobacteriales","Flavobacteriaceae","Snuella"
"ASV671","Bacteria","Bacteroidota","Bacteroidia","Flavobacteriales","Flavobacteriaceae",NA
"ASV672","Bacteria","Proteobacteria","Gammaproteobacteria","Enterobacterales","Pseudoalteromonadaceae","Pseudoalteromonas"
"ASV673","Bacteria","Proteobacteria","Gammaproteobacteria","Enterobacterales","Pseudoalteromonadaceae","Pseudoalteromonas"
"ASV674","Bacteria","Proteobacteria","Gammaproteobacteria","Enterobacterales",NA,NA
"ASV675","Bacteria","Bacteroidota","Bacteroidia","Chitinophagales","Saprospiraceae","Lewinella"
"ASV676","Bacteria","Proteobacteria","Gammaproteobacteria","Enterobacterales","Pseudoalteromonadaceae","Pseudoalteromonas"
"ASV677","Bacteria","Latescibacterota",NA,NA,NA,NA
"ASV678","Bacteria","Proteobacteria","Gammaproteobacteria","Enterobacterales","Pseudoalteromonadaceae","Pseudoalteromonas"
"ASV679","Bacteria","Proteobacteria","Alphaproteobacteria","Rhodobacterales","Rhodobacteraceae","Vadicella"
"ASV680","Bacteria","Proteobacteria","Gammaproteobacteria","Pseudomonadales",NA,NA
"ASV681","Bacteria","Proteobacteria","Gammaproteobacteria","Enterobacterales","Pseudoalteromonadaceae","Pseudoalteromonas"
"ASV682","Bacteria","Proteobacteria","Alphaproteobacteria","Rhodobacterales","Rhodobacteraceae","Aestuariibius"
"ASV683","Bacteria","Proteobacteria","Gammaproteobacteria","Enterobacterales","Pseudoalteromonadaceae","Pseudoalteromonas"
"ASV684","Bacteria","Proteobacteria","Gammaproteobacteria","Enterobacterales",NA,NA
"ASV685","Bacteria","Proteobacteria","Gammaproteobacteria","Enterobacterales","Vibrionaceae","Catenococcus"
"ASV686","Bacteria","Proteobacteria","Alphaproteobacteria","Rhizobiales","Devosiaceae",NA
"ASV687","Bacteria","Proteobacteria","Gammaproteobacteria","Enterobacterales",NA,NA
"ASV688","Bacteria","Proteobacteria","Gammaproteobacteria","Enterobacterales","Pseudoalteromonadaceae","Psychrosphaera"
"ASV689","Bacteria","Proteobacteria","Gammaproteobacteria","Enterobacterales","Colwelliaceae",NA
"ASV690","Bacteria","Proteobacteria","Gammaproteobacteria","Enterobacterales",NA,NA
"ASV691","Bacteria","Proteobacteria","Alphaproteobacteria","Rhodobacterales","Rhodobacteraceae","Puniceibacterium"
"ASV692","Bacteria","Proteobacteria","Gammaproteobacteria","Enterobacterales",NA,NA
"ASV693","Bacteria","Proteobacteria","Gammaproteobacteria","Pseudomonadales","Marinomonadaceae","Marinomonas"
"ASV694","Bacteria","Planctomycetota","Phycisphaerae","Phycisphaerales","Phycisphaeraceae","Algisphaera"
"ASV695","Bacteria","Proteobacteria","Alphaproteobacteria","Rhodobacterales","Rhodobacteraceae","Vadicella"
"ASV696","Bacteria","Proteobacteria","Gammaproteobacteria","Pseudomonadales","Moraxellaceae","Psychrobacter"
"ASV697","Bacteria","Proteobacteria","Gammaproteobacteria","Enterobacterales","Vibrionaceae","Vibrio"
"ASV698","Bacteria","Proteobacteria","Gammaproteobacteria","Pseudomonadales","Cellvibrionaceae",NA
"ASV699","Bacteria","Proteobacteria","Alphaproteobacteria","Rhodobacterales","Rhodobacteraceae",NA
"ASV700","Bacteria","Proteobacteria","Gammaproteobacteria",NA,NA,NA
"ASV701","Bacteria","Proteobacteria","Gammaproteobacteria","Pseudomonadales","Marinomonadaceae","Marinomonas"
"ASV702","Bacteria","Proteobacteria","Gammaproteobacteria","S1-3-65",NA,NA
"ASV703","Bacteria","Proteobacteria","Gammaproteobacteria","Pseudomonadales","Moraxellaceae","Psychrobacter"
"ASV704","Bacteria","Proteobacteria","Gammaproteobacteria","Pseudomonadales","Moraxellaceae","Psychrobacter"
"ASV705","Bacteria","Proteobacteria","Gammaproteobacteria","Enterobacterales","Pseudoalteromonadaceae","Pseudoalteromonas"
"ASV706","Bacteria","Proteobacteria","Gammaproteobacteria","Enterobacterales",NA,NA
"ASV707","Bacteria","Proteobacteria","Alphaproteobacteria","Rhodobacterales","Rhodobacteraceae",NA
"ASV708","Bacteria","Proteobacteria","Gammaproteobacteria","Pseudomonadales","Moraxellaceae","Psychrobacter"
"ASV709","Bacteria","Bacteroidota","Bacteroidia","Flavobacteriales","Flavobacteriaceae",NA
"ASV710","Bacteria","Proteobacteria","Alphaproteobacteria","Rhizobiales","Rhizobiaceae","Jiella"
"ASV711","Bacteria","Bacteroidota","Bacteroidia","Flavobacteriales","Flavobacteriaceae","Aurantiacicella"
"ASV712","Bacteria","Proteobacteria","Gammaproteobacteria","Enterobacterales",NA,NA
"ASV713","Bacteria","Proteobacteria","Gammaproteobacteria","Pseudomonadales","Moraxellaceae","Psychrobacter"
"ASV714","Bacteria","Proteobacteria","Alphaproteobacteria","Rhodobacterales","Rhodobacteraceae",NA
"ASV715","Bacteria","Proteobacteria","Gammaproteobacteria","Enterobacterales",NA,NA
"ASV716","Bacteria","Proteobacteria","Alphaproteobacteria","Micavibrionales","Micavibrionaceae",NA
"ASV717","Bacteria","Proteobacteria","Gammaproteobacteria",NA,NA,NA
"ASV718","Bacteria","Bacteroidota","Bacteroidia","Flavobacteriales","Flavobacteriaceae",NA
"ASV719","Bacteria","Bacteroidota","Bacteroidia","Flavobacteriales","Flavobacteriaceae",NA
"ASV720","Bacteria","Proteobacteria","Gammaproteobacteria","Pseudomonadales","Halieaceae",NA
"ASV721","Bacteria","Bacteroidota","Bacteroidia","Flavobacteriales","Flavobacteriaceae",NA
"ASV722","Bacteria","Proteobacteria","Gammaproteobacteria","Enterobacterales","Vibrionaceae","Candidatus Photodesmus"
"ASV723","Bacteria","Proteobacteria","Gammaproteobacteria","Pseudomonadales","Porticoccaceae","C1-B045"
"ASV724","Bacteria","Proteobacteria","Gammaproteobacteria","Enterobacterales",NA,NA
"ASV725","Bacteria","Bacteroidota","Bacteroidia","Flavobacteriales","Flavobacteriaceae",NA
"ASV726","Bacteria","Proteobacteria","Gammaproteobacteria","Enterobacterales",NA,NA
"ASV727","Bacteria","Proteobacteria","Alphaproteobacteria","Sphingomonadales","Sphingomonadaceae","Parablastomonas"
"ASV728","Bacteria","Proteobacteria","Gammaproteobacteria","Pseudomonadales","Pseudomonadaceae","Pseudomonas"
"ASV729","Bacteria","Proteobacteria","Alphaproteobacteria","Caulobacterales","Parvularculaceae","Marinicaulis"
"ASV730","Bacteria","Proteobacteria","Gammaproteobacteria",NA,NA,NA
"ASV731","Bacteria","Proteobacteria","Gammaproteobacteria","Pseudomonadales","Pseudomonadaceae","Pseudomonas"
"ASV732","Bacteria","Proteobacteria","Gammaproteobacteria","Pseudomonadales","Pseudomonadaceae","Pseudomonas"
"ASV733","Bacteria","Proteobacteria","Gammaproteobacteria","Pseudomonadales","Marinomonadaceae","Marinomonas"
"ASV734","Bacteria","Proteobacteria","Gammaproteobacteria","Pseudomonadales","Moraxellaceae","Psychrobacter"
"ASV735","Bacteria","Proteobacteria","Gammaproteobacteria","Enterobacterales","Vibrionaceae","Vibrio"
"ASV736","Bacteria","Proteobacteria","Gammaproteobacteria","Pseudomonadales","Moraxellaceae","Psychrobacter"
"ASV737","Bacteria","Proteobacteria","Gammaproteobacteria",NA,NA,NA
"ASV738","Bacteria","Proteobacteria","Gammaproteobacteria","Pseudomonadales","Marinomonadaceae","Marinomonas"
"ASV739","Bacteria","Bacteroidota","Bacteroidia","Chitinophagales","Saprospiraceae",NA
"ASV740","Bacteria","Proteobacteria","Gammaproteobacteria","Pseudomonadales","Moraxellaceae","Psychrobacter"
"ASV741","Bacteria","Bacteroidota","Bacteroidia","Flavobacteriales","Flavobacteriaceae","Postechiella"
"ASV742","Bacteria","Proteobacteria","Alphaproteobacteria","Rickettsiales","AB1",NA
"ASV743","Bacteria","Proteobacteria","Gammaproteobacteria","Pseudomonadales","Moraxellaceae","Acinetobacter"
"ASV744","Bacteria","Proteobacteria","Gammaproteobacteria","Pseudomonadales","Moraxellaceae","Acinetobacter"
"ASV745","Bacteria","Proteobacteria","Alphaproteobacteria","Rhodobacterales","Rhodobacteraceae",NA
"ASV746","Bacteria","Proteobacteria","Gammaproteobacteria","Pseudomonadales","Moraxellaceae","Acinetobacter"
"ASV747","Bacteria","Verrucomicrobiota","Verrucomicrobiae","Verrucomicrobiales",NA,NA
"ASV748","Bacteria","Proteobacteria","Gammaproteobacteria",NA,NA,NA
"ASV749","Bacteria","Proteobacteria","Alphaproteobacteria","Rhodobacterales","Rhodobacteraceae",NA
"ASV750","Bacteria","Proteobacteria","Gammaproteobacteria",NA,NA,NA
"ASV751","Bacteria","Proteobacteria","Gammaproteobacteria","Pseudomonadales","Moraxellaceae","Acinetobacter"
"ASV752","Bacteria","Proteobacteria","Gammaproteobacteria",NA,NA,NA
"ASV753","Bacteria","Actinobacteriota","Acidimicrobiia","Microtrichales","Ilumatobacteraceae","Ilumatobacter"
"ASV754","Bacteria","Proteobacteria","Gammaproteobacteria","Pseudomonadales","Pseudomonadaceae","Pseudomonas"
"ASV755","Bacteria","Proteobacteria","Gammaproteobacteria","Enterobacterales",NA,NA
"ASV756","Bacteria","Cyanobacteria","Cyanobacteriia","Cyanobacteriales","Xenococcaceae",NA
"ASV757","Bacteria","Bacteroidota","Bacteroidia","Flavobacteriales","Flavobacteriaceae","Gillisia"
"ASV758","Bacteria","Proteobacteria","Alphaproteobacteria","Sneathiellales","Sneathiellaceae","Sneathiella"
"ASV759","Bacteria","Proteobacteria","Alphaproteobacteria","Sneathiellales","Sneathiellaceae","Sneathiella"
"ASV760","Bacteria","Proteobacteria","Gammaproteobacteria","Pseudomonadales",NA,NA
"ASV761","Bacteria","Proteobacteria","Gammaproteobacteria",NA,NA,NA
"ASV762","Bacteria","Verrucomicrobiota","Verrucomicrobiae","Verrucomicrobiales",NA,NA
"ASV763","Bacteria","Actinobacteriota","Acidimicrobiia","Microtrichales","Microtrichaceae",NA
"ASV764","Bacteria","Proteobacteria","Gammaproteobacteria","Pseudomonadales","Moraxellaceae","Psychrobacter"
"ASV765","Bacteria","Proteobacteria","Gammaproteobacteria","Enterobacterales","Pseudoalteromonadaceae","Pseudoalteromonas"
"ASV766","Bacteria","Proteobacteria","Gammaproteobacteria","Pseudomonadales","Moraxellaceae",NA
"ASV767","Bacteria","Proteobacteria","Gammaproteobacteria","Enterobacterales","Psychromonadaceae",NA
"ASV768","Bacteria","Proteobacteria","Alphaproteobacteria","Rickettsiales","Mitochondria",NA
"ASV769","Bacteria","Proteobacteria","Alphaproteobacteria","Micavibrionales","Micavibrionaceae",NA
"ASV770","Bacteria","Proteobacteria","Gammaproteobacteria","Enterobacterales",NA,NA
"ASV771","Bacteria","Proteobacteria","Alphaproteobacteria","Rhodobacterales","Rhodobacteraceae",NA
"ASV772","Bacteria","Proteobacteria","Gammaproteobacteria","Enterobacterales","Pseudoalteromonadaceae","Pseudoalteromonas"
"ASV773","Bacteria","Bacteroidota","Bacteroidia",NA,NA,NA
"ASV774","Bacteria","Proteobacteria","Gammaproteobacteria","Enterobacterales","Psychromonadaceae",NA
"ASV775","Bacteria","Actinobacteriota","Acidimicrobiia","Microtrichales","Microtrichaceae",NA
"ASV776","Bacteria","Actinobacteriota","Actinobacteria","Propionibacteriales","Nocardioidaceae",NA
"ASV777","Bacteria","Proteobacteria","Gammaproteobacteria",NA,NA,NA
"ASV778","Bacteria","Proteobacteria","Gammaproteobacteria","Enterobacterales","Pseudoalteromonadaceae","Pseudoalteromonas"
"ASV779","Bacteria","Cyanobacteria","Cyanobacteriia","Cyanobacteriales","Xenococcaceae","Foliisarcina"
"ASV780","Bacteria","Proteobacteria","Alphaproteobacteria","Sphingomonadales","Sphingomonadaceae","Parablastomonas"
"ASV781","Bacteria","Proteobacteria","Alphaproteobacteria","Rhizobiales","Rhizobiaceae",NA
"ASV782","Bacteria","Bacteroidota","Bacteroidia","Flavobacteriales","Flavobacteriaceae",NA
"ASV783","Bacteria","Verrucomicrobiota","Verrucomicrobiae","Chthoniobacterales","Xiphinematobacteraceae","Candidatus Xiphinematobacter"
"ASV784","Bacteria","Proteobacteria","Alphaproteobacteria","Caulobacterales","Hyphomonadaceae","Hyphomonas"
"ASV785","Bacteria","Proteobacteria","Gammaproteobacteria","Enterobacterales","Pseudoalteromonadaceae","Pseudoalteromonas"
"ASV786","Bacteria","Bacteroidota","Bacteroidia","Flavobacteriales","Flavobacteriaceae","Gillisia"
"ASV787","Bacteria","Bacteroidota","Bacteroidia","Chitinophagales","Saprospiraceae","Lewinella"
"ASV788","Bacteria","Bacteroidota","Bacteroidia","Chitinophagales","Saprospiraceae","Lewinella"
"ASV789","Bacteria","Bacteroidota","Bacteroidia","Flavobacteriales","Flavobacteriaceae","Gillisia"
"ASV790","Bacteria","Proteobacteria","Gammaproteobacteria","Burkholderiales","Methylophilaceae","Methylotenera"
"ASV791","Bacteria","Proteobacteria",NA,NA,NA,NA
"ASV792","Bacteria","Verrucomicrobiota","Chlamydiae","Chlamydiales","Parachlamydiaceae",NA
"ASV793","Bacteria","Proteobacteria","Gammaproteobacteria","Enterobacterales","Psychromonadaceae",NA
"ASV794","Bacteria","Proteobacteria","Gammaproteobacteria","Pseudomonadales",NA,NA
"ASV795","Bacteria","Proteobacteria","Gammaproteobacteria","Enterobacterales","Pseudoalteromonadaceae","Pseudoalteromonas"
"ASV796","Bacteria","Bacteroidota","Bacteroidia","Flavobacteriales","Flavobacteriaceae","Gillisia"
"ASV797","Bacteria","Proteobacteria","Gammaproteobacteria","Enterobacterales","Pseudoalteromonadaceae","Pseudoalteromonas"
"ASV798","Bacteria","Bdellovibrionota","Bdellovibrionia","Bacteriovoracales","Bacteriovoracaceae",NA
"ASV799","Bacteria","Proteobacteria","Gammaproteobacteria",NA,NA,NA
"ASV800","Bacteria","Bacteroidota","Bacteroidia","Flavobacteriales","Flavobacteriaceae",NA
"ASV801","Bacteria","Verrucomicrobiota","Verrucomicrobiae","Verrucomicrobiales",NA,NA
"ASV802","Bacteria","Proteobacteria","Gammaproteobacteria","Enterobacterales","Vibrionaceae","Vibrio"
"ASV803","Bacteria","Verrucomicrobiota","Verrucomicrobiae","Verrucomicrobiales",NA,NA
"ASV804","Bacteria","Proteobacteria","Gammaproteobacteria","Enterobacterales",NA,NA
"ASV805","Bacteria","Proteobacteria","Gammaproteobacteria","Pseudomonadales","Marinomonadaceae","Marinomonas"
"ASV806","Bacteria","Proteobacteria","Gammaproteobacteria","Enterobacterales",NA,NA
"ASV807","Bacteria","Bacteroidota","Bacteroidia","Flavobacteriales","Flavobacteriaceae","Pibocella"
"ASV808","Bacteria","Proteobacteria","Gammaproteobacteria","Enterobacterales",NA,NA
"ASV809","Bacteria","Verrucomicrobiota","Verrucomicrobiae","Verrucomicrobiales","Rubritaleaceae",NA
"ASV810","Bacteria","Proteobacteria","Gammaproteobacteria","Enterobacterales",NA,NA
"ASV811","Bacteria","Proteobacteria","Gammaproteobacteria","Enterobacterales","Vibrionaceae","Vibrio"
"ASV812","Bacteria","Proteobacteria","Gammaproteobacteria","Pseudomonadales","Marinomonadaceae","Marinomonas"
"ASV813","Bacteria","Verrucomicrobiota","Verrucomicrobiae","Verrucomicrobiales",NA,NA
"ASV814","Bacteria","Bacteroidota","Bacteroidia","Flavobacteriales","Flavobacteriaceae",NA
"ASV815","Bacteria","Proteobacteria","Gammaproteobacteria","Enterobacterales","Vibrionaceae","Vibrio"
"ASV816","Bacteria","Bacteroidota","Bacteroidia","Flavobacteriales","Flavobacteriaceae","Maribacter"
"ASV817","Bacteria","Bacteroidota","Bacteroidia","Flavobacteriales","Flavobacteriaceae","Pibocella"
"ASV818","Bacteria","Proteobacteria","Alphaproteobacteria","Rhodobacterales","Rhodobacteraceae",NA
"ASV819","Bacteria","Proteobacteria","Gammaproteobacteria","Pseudomonadales",NA,NA
"ASV820","Bacteria","Verrucomicrobiota","Verrucomicrobiae","Verrucomicrobiales",NA,NA
"ASV821","Bacteria","Proteobacteria","Gammaproteobacteria","Enterobacterales","Vibrionaceae","Vibrio"
"ASV822","Bacteria","Proteobacteria","Gammaproteobacteria","Enterobacterales",NA,NA
"ASV823","Bacteria","Proteobacteria","Gammaproteobacteria","Enterobacterales","Vibrionaceae","Vibrio"
"ASV824","Bacteria","Cyanobacteria","Cyanobacteriia","Chloroplast",NA,NA
"ASV825","Bacteria","Proteobacteria","Alphaproteobacteria","Caulobacterales","Hyphomonadaceae","Hellea"
